zone_id,raw_pred,obs,timestamp
2227734911,28.473276,14.333333,2016-03-22T07:00:00
306586341,62.179973,60.556593,2016-03-22T07:00:00
308466202,19.860914,83.0,2016-03-22T07:00:00
308806969,25.832535,19.0,2016-03-22T07:00:00
308874220,146.403306,50.07,2016-03-22T07:00:00
12121597668,-20.04724,120.0,2016-03-22T07:00:00
10023999011,28.660057,45.87,2016-03-22T07:00:00
1331929304,37.727471,37.830002,2016-03-22T07:00:00
10282796509,78.549096,32.0,2016-03-22T07:00:00
11757289130,34.300743,33.425,2016-03-22T07:00:00
7404868042,44.855489,47.595238,2016-03-22T07:00:00
3130783230,16.14718,22.91,2016-03-22T07:00:00
11387112308,59.830955,56.0,2016-03-22T07:00:00
6536473096,46.34026,24.04,2016-03-22T07:00:00
11864823655,28.505289,11.0,2016-03-22T07:00:00
9192304001,285.497049,120.0,2016-03-22T07:00:00
9510028770,32.802739,115.0,2016-03-22T07:00:00
9780502915,31.131941,32.29,2016-03-22T07:00:00
10113391770,32.802739,120.0,2016-03-22T07:00:00
10044505589,32.802739,120.0,2016-03-22T07:00:00
10079370129,19.860924,120.0,2016-03-22T07:00:00
12543439896,54.954094,48.053335,2016-03-22T07:00:00
2227734911,28.473276,14.333333,2016-03-22T08:00:00
306586341,62.179973,60.556593,2016-03-22T08:00:00
308466202,19.860914,83.0,2016-03-22T08:00:00
308806969,25.832535,19.0,2016-03-22T08:00:00
308874220,153.536497,50.07,2016-03-22T08:00:00
12121597668,-20.897751,120.0,2016-03-22T08:00:00
10023999011,28.660057,45.87,2016-03-22T08:00:00
1331929304,37.727471,37.830002,2016-03-22T08:00:00
10282796509,78.549096,32.0,2016-03-22T08:00:00
11757289130,34.300743,33.425,2016-03-22T08:00:00
7404868042,44.855489,47.595238,2016-03-22T08:00:00
3130783230,16.14718,22.91,2016-03-22T08:00:00
11387112308,59.830955,56.0,2016-03-22T08:00:00
6536473096,40.701087,24.04,2016-03-22T08:00:00
11864823655,28.505289,11.0,2016-03-22T08:00:00
9192304001,280.357067,120.0,2016-03-22T08:00:00
9510028770,32.802739,115.0,2016-03-22T08:00:00
9780502915,31.131941,32.29,2016-03-22T08:00:00
10113391770,32.802739,120.0,2016-03-22T08:00:00
10044505589,32.802739,120.0,2016-03-22T08:00:00
10079370129,19.860924,120.0,2016-03-22T08:00:00
12543439896,54.954094,48.053335,2016-03-22T08:00:00
2227734911,28.473276,14.333333,2016-03-22T09:00:00
306586341,62.179973,60.556593,2016-03-22T09:00:00
308466202,19.860914,83.0,2016-03-22T09:00:00
308806969,25.832535,19.0,2016-03-22T09:00:00
308874220,145.817336,50.07,2016-03-22T09:00:00
12121597668,78.691005,120.0,2016-03-22T09:00:00
10023999011,49.517611,45.87,2016-03-22T09:00:00
1331929304,37.727471,37.830002,2016-03-22T09:00:00
10282796509,78.549096,32.0,2016-03-22T09:00:00
11757289130,34.300743,33.425,2016-03-22T09:00:00
7404868042,44.855489,47.595238,2016-03-22T09:00:00
3130783230,16.14718,22.91,2016-03-22T09:00:00
11387112308,59.830955,56.0,2016-03-22T09:00:00
6536473096,47.804366,24.04,2016-03-22T09:00:00
11864823655,28.505289,11.0,2016-03-22T09:00:00
9192304001,281.708147,120.0,2016-03-22T09:00:00
9510028770,32.802739,115.0,2016-03-22T09:00:00
9780502915,31.131941,32.29,2016-03-22T09:00:00
10113391770,32.802739,120.0,2016-03-22T09:00:00
10044505589,32.802739,120.0,2016-03-22T09:00:00
10079370129,19.860924,120.0,2016-03-22T09:00:00
12543439896,54.954094,48.053335,2016-03-22T09:00:00
2227734911,28.473276,14.333333,2016-03-22T10:00:00
306586341,62.179973,60.556593,2016-03-22T10:00:00
308466202,19.860914,83.0,2016-03-22T10:00:00
308806969,25.832535,19.0,2016-03-22T10:00:00
308874220,163.085261,50.07,2016-03-22T10:00:00
12121597668,119.281695,120.0,2016-03-22T10:00:00
10023999011,52.891734,45.87,2016-03-22T10:00:00
1331929304,37.727471,37.830002,2016-03-22T10:00:00
10282796509,78.549096,32.0,2016-03-22T10:00:00
11757289130,34.300743,33.425,2016-03-22T10:00:00
7404868042,44.855489,47.595238,2016-03-22T10:00:00
3130783230,16.14718,22.91,2016-03-22T10:00:00
11387112308,59.830955,56.0,2016-03-22T10:00:00
6536473096,48.742536,24.04,2016-03-22T10:00:00
11864823655,28.505289,11.0,2016-03-22T10:00:00
9192304001,284.34739,120.0,2016-03-22T10:00:00
9510028770,32.802739,115.0,2016-03-22T10:00:00
9780502915,31.131941,32.29,2016-03-22T10:00:00
10113391770,32.802739,120.0,2016-03-22T10:00:00
10044505589,32.802739,120.0,2016-03-22T10:00:00
10079370129,19.860924,120.0,2016-03-22T10:00:00
12543439896,54.954094,48.053335,2016-03-22T10:00:00
2227734911,28.473276,14.333333,2016-03-22T11:00:00
306586341,62.179973,60.556593,2016-03-22T11:00:00
308466202,19.860914,83.0,2016-03-22T11:00:00
308806969,25.832535,19.0,2016-03-22T11:00:00
308874220,133.843515,50.07,2016-03-22T11:00:00
12121597668,190.614631,120.0,2016-03-22T11:00:00
10023999011,49.568059,45.87,2016-03-22T11:00:00
1331929304,37.727471,37.830002,2016-03-22T11:00:00
10282796509,78.549096,32.0,2016-03-22T11:00:00
11757289130,34.300743,33.425,2016-03-22T11:00:00
7404868042,44.855489,47.595238,2016-03-22T11:00:00
3130783230,16.14718,22.91,2016-03-22T11:00:00
11387112308,59.830955,56.0,2016-03-22T11:00:00
6536473096,99.999557,24.04,2016-03-22T11:00:00
11864823655,28.505289,11.0,2016-03-22T11:00:00
9192304001,275.598342,120.0,2016-03-22T11:00:00
9510028770,32.802739,115.0,2016-03-22T11:00:00
9780502915,31.131941,32.29,2016-03-22T11:00:00
10113391770,32.802739,120.0,2016-03-22T11:00:00
10044505589,32.802739,120.0,2016-03-22T11:00:00
10079370129,19.860924,120.0,2016-03-22T11:00:00
12543439896,54.954094,48.053335,2016-03-22T11:00:00
2227734911,28.473276,14.333333,2016-03-22T12:00:00
306586341,62.179973,60.556593,2016-03-22T12:00:00
308466202,19.860914,83.0,2016-03-22T12:00:00
308806969,25.832535,19.0,2016-03-22T12:00:00
308874220,131.141008,50.07,2016-03-22T12:00:00
12121597668,192.058327,120.0,2016-03-22T12:00:00
10023999011,24.027042,45.87,2016-03-22T12:00:00
1331929304,37.727471,37.830002,2016-03-22T12:00:00
10282796509,78.549096,32.0,2016-03-22T12:00:00
11757289130,34.300743,33.425,2016-03-22T12:00:00
7404868042,44.855489,47.595238,2016-03-22T12:00:00
3130783230,16.14718,22.91,2016-03-22T12:00:00
11387112308,59.830955,56.0,2016-03-22T12:00:00
6536473096,63.512503,24.04,2016-03-22T12:00:00
11864823655,28.505289,11.0,2016-03-22T12:00:00
9192304001,260.378755,120.0,2016-03-22T12:00:00
9510028770,32.802739,115.0,2016-03-22T12:00:00
9780502915,31.131941,32.29,2016-03-22T12:00:00
10113391770,32.802739,120.0,2016-03-22T12:00:00
10044505589,32.802739,120.0,2016-03-22T12:00:00
10079370129,19.860924,120.0,2016-03-22T12:00:00
12543439896,54.954094,48.053335,2016-03-22T12:00:00
2227734911,28.473276,14.333333,2016-03-22T13:00:00
306586341,62.179973,60.556593,2016-03-22T13:00:00
308466202,19.860914,83.0,2016-03-22T13:00:00
308806969,25.832535,19.0,2016-03-22T13:00:00
308874220,123.043237,50.07,2016-03-22T13:00:00
12121597668,168.973398,120.0,2016-03-22T13:00:00
10023999011,48.49122,45.87,2016-03-22T13:00:00
1331929304,37.727471,37.830002,2016-03-22T13:00:00
10282796509,78.549096,32.0,2016-03-22T13:00:00
11757289130,34.300743,33.425,2016-03-22T13:00:00
7404868042,44.855489,47.595238,2016-03-22T13:00:00
3130783230,16.14718,22.91,2016-03-22T13:00:00
11387112308,59.830955,56.0,2016-03-22T13:00:00
6536473096,96.873277,24.04,2016-03-22T13:00:00
11864823655,28.505289,11.0,2016-03-22T13:00:00
9192304001,247.846733,120.0,2016-03-22T13:00:00
9510028770,32.802739,115.0,2016-03-22T13:00:00
9780502915,31.131941,32.29,2016-03-22T13:00:00
10113391770,32.802739,120.0,2016-03-22T13:00:00
10044505589,32.802739,120.0,2016-03-22T13:00:00
10079370129,19.860924,120.0,2016-03-22T13:00:00
12543439896,54.954094,48.053335,2016-03-22T13:00:00
2227734911,28.473276,14.333333,2016-03-22T14:00:00
306586341,62.179973,60.556593,2016-03-22T14:00:00
308466202,19.860914,83.0,2016-03-22T14:00:00
308806969,25.832535,19.0,2016-03-22T14:00:00
308874220,116.623308,50.07,2016-03-22T14:00:00
12121597668,190.193249,120.0,2016-03-22T14:00:00
10023999011,34.207102,45.87,2016-03-22T14:00:00
1331929304,37.727471,37.830002,2016-03-22T14:00:00
10282796509,78.549096,32.0,2016-03-22T14:00:00
11757289130,34.300743,33.425,2016-03-22T14:00:00
7404868042,44.855489,47.595238,2016-03-22T14:00:00
3130783230,16.14718,22.91,2016-03-22T14:00:00
11387112308,59.830955,56.0,2016-03-22T14:00:00
6536473096,31.586976,24.04,2016-03-22T14:00:00
11864823655,28.505289,11.0,2016-03-22T14:00:00
9192304001,252.107525,120.0,2016-03-22T14:00:00
9510028770,32.802739,115.0,2016-03-22T14:00:00
9780502915,31.131941,32.29,2016-03-22T14:00:00
10113391770,32.802739,120.0,2016-03-22T14:00:00
10044505589,32.802739,120.0,2016-03-22T14:00:00
10079370129,19.860924,120.0,2016-03-22T14:00:00
12543439896,54.954094,48.053335,2016-03-22T14:00:00
2227734911,28.473276,14.333333,2016-03-22T15:00:00
306586341,62.179973,60.556593,2016-03-22T15:00:00
308466202,19.860914,83.0,2016-03-22T15:00:00
308806969,25.832535,19.0,2016-03-22T15:00:00
308874220,110.518236,50.07,2016-03-22T15:00:00
12121597668,121.521315,120.0,2016-03-22T15:00:00
10023999011,32.71834,45.87,2016-03-22T15:00:00
1331929304,37.727471,37.830002,2016-03-22T15:00:00
10282796509,78.549096,32.0,2016-03-22T15:00:00
11757289130,34.300743,33.425,2016-03-22T15:00:00
7404868042,44.855489,47.595238,2016-03-22T15:00:00
3130783230,16.14718,22.91,2016-03-22T15:00:00
11387112308,59.830955,56.0,2016-03-22T15:00:00
6536473096,40.222752,24.04,2016-03-22T15:00:00
11864823655,28.505289,11.0,2016-03-22T15:00:00
9192304001,258.059386,120.0,2016-03-22T15:00:00
9510028770,32.802739,115.0,2016-03-22T15:00:00
9780502915,31.131941,32.29,2016-03-22T15:00:00
10113391770,32.802739,120.0,2016-03-22T15:00:00
10044505589,32.802739,120.0,2016-03-22T15:00:00
10079370129,19.860924,120.0,2016-03-22T15:00:00
12543439896,54.954094,48.053335,2016-03-22T15:00:00
2227734911,28.473276,14.333333,2016-03-22T16:00:00
306586341,62.179973,60.556593,2016-03-22T16:00:00
308466202,19.860914,83.0,2016-03-22T16:00:00
308806969,25.832535,19.0,2016-03-22T16:00:00
308874220,109.355046,50.07,2016-03-22T16:00:00
12121597668,185.625439,120.0,2016-03-22T16:00:00
10023999011,53.507618,45.87,2016-03-22T16:00:00
1331929304,37.727471,37.830002,2016-03-22T16:00:00
10282796509,78.549096,32.0,2016-03-22T16:00:00
11757289130,34.300743,33.425,2016-03-22T16:00:00
7404868042,44.855489,47.595238,2016-03-22T16:00:00
3130783230,16.14718,22.91,2016-03-22T16:00:00
11387112308,59.830955,56.0,2016-03-22T16:00:00
6536473096,62.496086,24.04,2016-03-22T16:00:00
11864823655,28.505289,11.0,2016-03-22T16:00:00
9192304001,272.685236,120.0,2016-03-22T16:00:00
9510028770,32.802739,115.0,2016-03-22T16:00:00
9780502915,31.131941,32.29,2016-03-22T16:00:00
10113391770,32.802739,120.0,2016-03-22T16:00:00
10044505589,32.802739,120.0,2016-03-22T16:00:00
10079370129,19.860924,120.0,2016-03-22T16:00:00
12543439896,54.954094,48.053335,2016-03-22T16:00:00
2227734911,28.473276,14.333333,2016-03-22T17:00:00
306586341,62.179973,60.556593,2016-03-22T17:00:00
308466202,19.860914,83.0,2016-03-22T17:00:00
308806969,25.832535,19.0,2016-03-22T17:00:00
308874220,109.107378,50.07,2016-03-22T17:00:00
12121597668,100.657948,120.0,2016-03-22T17:00:00
10023999011,57.812961,45.87,2016-03-22T17:00:00
1331929304,37.727471,37.830002,2016-03-22T17:00:00
10282796509,78.549096,32.0,2016-03-22T17:00:00
11757289130,34.300743,33.425,2016-03-22T17:00:00
7404868042,44.855489,47.595238,2016-03-22T17:00:00
3130783230,16.14718,22.91,2016-03-22T17:00:00
11387112308,59.830955,56.0,2016-03-22T17:00:00
6536473096,49.762612,24.04,2016-03-22T17:00:00
11864823655,28.505289,11.0,2016-03-22T17:00:00
9192304001,284.639547,120.0,2016-03-22T17:00:00
9510028770,32.802739,115.0,2016-03-22T17:00:00
9780502915,31.131941,32.29,2016-03-22T17:00:00
10113391770,32.802739,120.0,2016-03-22T17:00:00
10044505589,32.802739,120.0,2016-03-22T17:00:00
10079370129,19.860924,120.0,2016-03-22T17:00:00
12543439896,54.954094,48.053335,2016-03-22T17:00:00
2227734911,28.473276,14.333333,2016-03-22T18:00:00
306586341,62.179973,60.556593,2016-03-22T18:00:00
308466202,19.860914,83.0,2016-03-22T18:00:00
308806969,25.832535,19.0,2016-03-22T18:00:00
308874220,114.790547,50.07,2016-03-22T18:00:00
12121597668,173.244146,120.0,2016-03-22T18:00:00
10023999011,59.164746,45.87,2016-03-22T18:00:00
1331929304,37.727471,37.830002,2016-03-22T18:00:00
10282796509,78.549096,32.0,2016-03-22T18:00:00
11757289130,34.300743,33.425,2016-03-22T18:00:00
7404868042,44.855489,47.595238,2016-03-22T18:00:00
3130783230,16.14718,22.91,2016-03-22T18:00:00
11387112308,59.830955,56.0,2016-03-22T18:00:00
6536473096,48.623051,24.04,2016-03-22T18:00:00
11864823655,28.505289,11.0,2016-03-22T18:00:00
9192304001,294.606607,120.0,2016-03-22T18:00:00
9510028770,32.802739,115.0,2016-03-22T18:00:00
9780502915,31.131941,32.29,2016-03-22T18:00:00
10113391770,32.802739,120.0,2016-03-22T18:00:00
10044505589,32.802739,120.0,2016-03-22T18:00:00
10079370129,19.860924,120.0,2016-03-22T18:00:00
12543439896,54.954094,48.053335,2016-03-22T18:00:00
2227734911,28.473276,14.333333,2016-03-22T19:00:00
306586341,62.179973,60.556593,2016-03-22T19:00:00
308466202,19.860914,83.0,2016-03-22T19:00:00
308806969,25.832535,19.0,2016-03-22T19:00:00
308874220,118.19672,50.07,2016-03-22T19:00:00
12121597668,189.475949,120.0,2016-03-22T19:00:00
10023999011,58.691751,45.87,2016-03-22T19:00:00
1331929304,37.727471,37.830002,2016-03-22T19:00:00
10282796509,78.549096,32.0,2016-03-22T19:00:00
11757289130,34.300743,33.425,2016-03-22T19:00:00
7404868042,44.855489,47.595238,2016-03-22T19:00:00
3130783230,16.14718,22.91,2016-03-22T19:00:00
11387112308,59.830955,56.0,2016-03-22T19:00:00
6536473096,49.171308,24.04,2016-03-22T19:00:00
11864823655,28.505289,11.0,2016-03-22T19:00:00
9192304001,297.925908,120.0,2016-03-22T19:00:00
9510028770,32.802739,115.0,2016-03-22T19:00:00
9780502915,31.131941,32.29,2016-03-22T19:00:00
10113391770,32.802739,120.0,2016-03-22T19:00:00
10044505589,32.802739,120.0,2016-03-22T19:00:00
10079370129,19.860924,120.0,2016-03-22T19:00:00
12543439896,54.954094,48.053335,2016-03-22T19:00:00
2227734911,28.473276,14.333333,2016-03-22T20:00:00
306586341,62.179973,60.556593,2016-03-22T20:00:00
308466202,19.860914,83.0,2016-03-22T20:00:00
308806969,25.832535,19.0,2016-03-22T20:00:00
308874220,120.303252,50.07,2016-03-22T20:00:00
12121597668,193.492641,120.0,2016-03-22T20:00:00
10023999011,58.193717,45.87,2016-03-22T20:00:00
1331929304,37.727471,37.830002,2016-03-22T20:00:00
10282796509,78.549096,32.0,2016-03-22T20:00:00
11757289130,34.300743,33.425,2016-03-22T20:00:00
7404868042,44.855489,47.595238,2016-03-22T20:00:00
3130783230,16.14718,22.91,2016-03-22T20:00:00
11387112308,59.830955,56.0,2016-03-22T20:00:00
6536473096,49.014242,24.04,2016-03-22T20:00:00
11864823655,28.505289,11.0,2016-03-22T20:00:00
9192304001,415.406646,120.0,2016-03-22T20:00:00
9510028770,32.802739,115.0,2016-03-22T20:00:00
9780502915,31.131941,32.29,2016-03-22T20:00:00
10113391770,32.802739,120.0,2016-03-22T20:00:00
10044505589,32.802739,120.0,2016-03-22T20:00:00
10079370129,19.860924,120.0,2016-03-22T20:00:00
12543439896,54.954094,48.053335,2016-03-22T20:00:00
2227734911,28.473276,14.333333,2016-03-22T21:00:00
306586341,62.179973,60.556593,2016-03-22T21:00:00
308466202,19.860914,83.0,2016-03-22T21:00:00
308806969,25.832535,19.0,2016-03-22T21:00:00
308874220,121.657316,50.07,2016-03-22T21:00:00
12121597668,194.724736,120.0,2016-03-22T21:00:00
10023999011,57.815506,45.87,2016-03-22T21:00:00
1331929304,37.727471,37.830002,2016-03-22T21:00:00
10282796509,78.549096,32.0,2016-03-22T21:00:00
11757289130,34.300743,33.425,2016-03-22T21:00:00
7404868042,44.855489,47.595238,2016-03-22T21:00:00
3130783230,16.14718,22.91,2016-03-22T21:00:00
11387112308,59.830955,56.0,2016-03-22T21:00:00
6536473096,49.105417,24.04,2016-03-22T21:00:00
11864823655,28.505289,11.0,2016-03-22T21:00:00
9192304001,420.453337,120.0,2016-03-22T21:00:00
9510028770,32.802739,115.0,2016-03-22T21:00:00
9780502915,31.131941,32.29,2016-03-22T21:00:00
10113391770,32.802739,120.0,2016-03-22T21:00:00
10044505589,32.802739,120.0,2016-03-22T21:00:00
10079370129,19.860924,120.0,2016-03-22T21:00:00
12543439896,54.954094,48.053335,2016-03-22T21:00:00
2227734911,28.473276,14.333333,2016-03-22T22:00:00
306586341,62.179973,60.556593,2016-03-22T22:00:00
308466202,19.860914,83.0,2016-03-22T22:00:00
308806969,25.832535,19.0,2016-03-22T22:00:00
308874220,106.617514,50.07,2016-03-22T22:00:00
12121597668,197.151173,120.0,2016-03-22T22:00:00
10023999011,57.426307,45.87,2016-03-22T22:00:00
1331929304,37.727471,37.830002,2016-03-22T22:00:00
10282796509,78.549096,32.0,2016-03-22T22:00:00
11757289130,34.300743,33.425,2016-03-22T22:00:00
7404868042,44.855489,47.595238,2016-03-22T22:00:00
3130783230,16.14718,22.91,2016-03-22T22:00:00
11387112308,59.830955,56.0,2016-03-22T22:00:00
6536473096,49.818404,24.04,2016-03-22T22:00:00
11864823655,28.505289,11.0,2016-03-22T22:00:00
9192304001,490.626497,120.0,2016-03-22T22:00:00
9510028770,32.802739,115.0,2016-03-22T22:00:00
9780502915,31.131941,32.29,2016-03-22T22:00:00
10113391770,32.802739,120.0,2016-03-22T22:00:00
10044505589,32.802739,120.0,2016-03-22T22:00:00
10079370129,19.860924,120.0,2016-03-22T22:00:00
12543439896,54.954094,48.053335,2016-03-22T22:00:00
2227734911,28.473276,14.333333,2016-03-22T23:00:00
306586341,62.179973,60.556593,2016-03-22T23:00:00
308466202,19.860914,83.0,2016-03-22T23:00:00
308806969,25.832535,19.0,2016-03-22T23:00:00
308874220,107.637211,50.07,2016-03-22T23:00:00
12121597668,197.239067,120.0,2016-03-22T23:00:00
10023999011,56.978342,45.87,2016-03-22T23:00:00
1331929304,37.727471,37.830002,2016-03-22T23:00:00
10282796509,78.549096,32.0,2016-03-22T23:00:00
11757289130,34.300743,33.425,2016-03-22T23:00:00
7404868042,44.855489,47.595238,2016-03-22T23:00:00
3130783230,16.14718,22.91,2016-03-22T23:00:00
11387112308,59.830955,56.0,2016-03-22T23:00:00
6536473096,62.112458,24.04,2016-03-22T23:00:00
11864823655,28.505289,11.0,2016-03-22T23:00:00
9192304001,461.316704,120.0,2016-03-22T23:00:00
9510028770,32.802739,115.0,2016-03-22T23:00:00
9780502915,31.131941,32.29,2016-03-22T23:00:00
10113391770,32.802739,120.0,2016-03-22T23:00:00
10044505589,32.802739,120.0,2016-03-22T23:00:00
10079370129,19.860924,120.0,2016-03-22T23:00:00
12543439896,54.954094,48.053335,2016-03-22T23:00:00
2227734911,28.473276,14.333333,2016-03-23T00:00:00
306586341,62.179973,60.556593,2016-03-23T00:00:00
308466202,19.860914,83.0,2016-03-23T00:00:00
308806969,25.832535,19.0,2016-03-23T00:00:00
308874220,108.487027,50.07,2016-03-23T00:00:00
12121597668,193.813496,120.0,2016-03-23T00:00:00
10023999011,57.758201,45.87,2016-03-23T00:00:00
1331929304,37.727471,37.830002,2016-03-23T00:00:00
10282796509,78.549096,32.0,2016-03-23T00:00:00
11757289130,34.300743,33.425,2016-03-23T00:00:00
7404868042,44.855489,47.595238,2016-03-23T00:00:00
3130783230,16.14718,22.91,2016-03-23T00:00:00
11387112308,59.830955,56.0,2016-03-23T00:00:00
6536473096,47.667649,24.04,2016-03-23T00:00:00
11864823655,28.505289,11.0,2016-03-23T00:00:00
9192304001,372.857465,120.0,2016-03-23T00:00:00
9510028770,32.802739,115.0,2016-03-23T00:00:00
9780502915,31.131941,32.29,2016-03-23T00:00:00
10113391770,32.802739,120.0,2016-03-23T00:00:00
10044505589,32.802739,120.0,2016-03-23T00:00:00
10079370129,19.860924,120.0,2016-03-23T00:00:00
12543439896,54.954094,48.053335,2016-03-23T00:00:00
2227734911,28.473276,14.333333,2016-03-23T01:00:00
306586341,62.179973,60.556593,2016-03-23T01:00:00
308466202,19.860914,83.0,2016-03-23T01:00:00
308806969,25.832535,19.0,2016-03-23T01:00:00
308874220,110.09481,50.07,2016-03-23T01:00:00
12121597668,185.702132,120.0,2016-03-23T01:00:00
10023999011,53.640747,45.87,2016-03-23T01:00:00
1331929304,37.727471,37.830002,2016-03-23T01:00:00
10282796509,78.549096,32.0,2016-03-23T01:00:00
11757289130,34.300743,33.425,2016-03-23T01:00:00
7404868042,44.855489,47.595238,2016-03-23T01:00:00
3130783230,16.14718,22.91,2016-03-23T01:00:00
11387112308,59.830955,56.0,2016-03-23T01:00:00
6536473096,49.407805,24.04,2016-03-23T01:00:00
11864823655,28.505289,11.0,2016-03-23T01:00:00
9192304001,346.688895,120.0,2016-03-23T01:00:00
9510028770,32.802739,115.0,2016-03-23T01:00:00
9780502915,31.131941,32.29,2016-03-23T01:00:00
10113391770,32.802739,120.0,2016-03-23T01:00:00
10044505589,32.802739,120.0,2016-03-23T01:00:00
10079370129,19.860924,120.0,2016-03-23T01:00:00
12543439896,54.954094,48.053335,2016-03-23T01:00:00
2227734911,28.473276,14.333333,2016-03-23T02:00:00
306586341,62.179973,60.556593,2016-03-23T02:00:00
308466202,19.860914,83.0,2016-03-23T02:00:00
308806969,25.832535,19.0,2016-03-23T02:00:00
308874220,112.307244,50.07,2016-03-23T02:00:00
12121597668,188.246,120.0,2016-03-23T02:00:00
10023999011,53.720844,45.87,2016-03-23T02:00:00
1331929304,37.727471,37.830002,2016-03-23T02:00:00
10282796509,78.549096,32.0,2016-03-23T02:00:00
11757289130,34.300743,33.425,2016-03-23T02:00:00
7404868042,44.855489,47.595238,2016-03-23T02:00:00
3130783230,16.14718,22.91,2016-03-23T02:00:00
11387112308,59.830955,56.0,2016-03-23T02:00:00
6536473096,44.952081,24.04,2016-03-23T02:00:00
11864823655,28.505289,11.0,2016-03-23T02:00:00
9192304001,332.222256,120.0,2016-03-23T02:00:00
9510028770,32.802739,115.0,2016-03-23T02:00:00
9780502915,31.131941,32.29,2016-03-23T02:00:00
10113391770,32.802739,120.0,2016-03-23T02:00:00
10044505589,32.802739,120.0,2016-03-23T02:00:00
10079370129,19.860924,120.0,2016-03-23T02:00:00
12543439896,54.954094,48.053335,2016-03-23T02:00:00
2227734911,28.473276,14.333333,2016-03-23T03:00:00
306586341,62.179973,60.556593,2016-03-23T03:00:00
308466202,19.860914,83.0,2016-03-23T03:00:00
308806969,25.832535,19.0,2016-03-23T03:00:00
308874220,115.665914,50.07,2016-03-23T03:00:00
12121597668,184.783493,120.0,2016-03-23T03:00:00
10023999011,54.108253,45.87,2016-03-23T03:00:00
1331929304,37.727471,37.830002,2016-03-23T03:00:00
10282796509,78.549096,32.0,2016-03-23T03:00:00
11757289130,34.300743,33.425,2016-03-23T03:00:00
7404868042,44.855489,47.595238,2016-03-23T03:00:00
3130783230,16.14718,22.91,2016-03-23T03:00:00
11387112308,59.830955,56.0,2016-03-23T03:00:00
6536473096,40.693876,24.04,2016-03-23T03:00:00
11864823655,28.505289,11.0,2016-03-23T03:00:00
9192304001,322.087992,120.0,2016-03-23T03:00:00
9510028770,32.802739,115.0,2016-03-23T03:00:00
9780502915,31.131941,32.29,2016-03-23T03:00:00
10113391770,32.802739,120.0,2016-03-23T03:00:00
10044505589,32.802739,120.0,2016-03-23T03:00:00
10079370129,19.860924,120.0,2016-03-23T03:00:00
12543439896,54.954094,48.053335,2016-03-23T03:00:00
2227734911,28.473276,14.333333,2016-03-23T04:00:00
306586341,62.179973,60.556593,2016-03-23T04:00:00
308466202,19.860914,83.0,2016-03-23T04:00:00
308806969,25.832535,19.0,2016-03-23T04:00:00
308874220,119.804963,50.07,2016-03-23T04:00:00
12121597668,184.121423,120.0,2016-03-23T04:00:00
10023999011,54.032419,45.87,2016-03-23T04:00:00
1331929304,37.727471,37.830002,2016-03-23T04:00:00
10282796509,78.549096,32.0,2016-03-23T04:00:00
11757289130,34.300743,33.425,2016-03-23T04:00:00
7404868042,44.855489,47.595238,2016-03-23T04:00:00
3130783230,16.14718,22.91,2016-03-23T04:00:00
11387112308,59.830955,56.0,2016-03-23T04:00:00
6536473096,40.244322,24.04,2016-03-23T04:00:00
11864823655,28.505289,11.0,2016-03-23T04:00:00
9192304001,311.266722,120.0,2016-03-23T04:00:00
9510028770,32.802739,115.0,2016-03-23T04:00:00
9780502915,31.131941,32.29,2016-03-23T04:00:00
10113391770,32.802739,120.0,2016-03-23T04:00:00
10044505589,32.802739,120.0,2016-03-23T04:00:00
10079370129,19.860924,120.0,2016-03-23T04:00:00
12543439896,54.954094,48.053335,2016-03-23T04:00:00
2227734911,28.473276,14.333333,2016-03-23T05:00:00
306586341,62.179973,60.556593,2016-03-23T05:00:00
308466202,19.860914,83.0,2016-03-23T05:00:00
308806969,25.832535,19.0,2016-03-23T05:00:00
308874220,123.647725,50.07,2016-03-23T05:00:00
12121597668,203.52881,120.0,2016-03-23T05:00:00
10023999011,53.422054,45.87,2016-03-23T05:00:00
1331929304,37.727471,37.830002,2016-03-23T05:00:00
10282796509,78.549096,32.0,2016-03-23T05:00:00
11757289130,34.300743,33.425,2016-03-23T05:00:00
7404868042,44.855489,47.595238,2016-03-23T05:00:00
3130783230,16.14718,22.91,2016-03-23T05:00:00
11387112308,59.830955,56.0,2016-03-23T05:00:00
6536473096,41.201635,24.04,2016-03-23T05:00:00
11864823655,28.505289,11.0,2016-03-23T05:00:00
9192304001,302.901261,120.0,2016-03-23T05:00:00
9510028770,32.802739,115.0,2016-03-23T05:00:00
9780502915,31.131941,32.29,2016-03-23T05:00:00
10113391770,32.802739,120.0,2016-03-23T05:00:00
10044505589,32.802739,120.0,2016-03-23T05:00:00
10079370129,19.860924,120.0,2016-03-23T05:00:00
12543439896,54.954094,48.053335,2016-03-23T05:00:00
2227734911,28.473276,14.333333,2016-03-23T06:00:00
306586341,62.179973,60.556593,2016-03-23T06:00:00
308466202,19.860914,83.0,2016-03-23T06:00:00
308806969,25.832535,19.0,2016-03-23T06:00:00
308874220,129.466456,50.07,2016-03-23T06:00:00
12121597668,205.93127,120.0,2016-03-23T06:00:00
10023999011,53.116703,45.87,2016-03-23T06:00:00
1331929304,37.727471,37.830002,2016-03-23T06:00:00
10282796509,78.549096,32.0,2016-03-23T06:00:00
11757289130,34.300743,33.425,2016-03-23T06:00:00
7404868042,44.855489,47.595238,2016-03-23T06:00:00
3130783230,16.14718,22.91,2016-03-23T06:00:00
11387112308,59.830955,56.0,2016-03-23T06:00:00
6536473096,41.482325,24.04,2016-03-23T06:00:00
11864823655,28.505289,11.0,2016-03-23T06:00:00
9192304001,288.513155,120.0,2016-03-23T06:00:00
9510028770,32.802739,115.0,2016-03-23T06:00:00
9780502915,31.131941,32.29,2016-03-23T06:00:00
10113391770,32.802739,120.0,2016-03-23T06:00:00
10044505589,32.802739,120.0,2016-03-23T06:00:00
10079370129,19.860924,120.0,2016-03-23T06:00:00
12543439896,54.954094,48.053335,2016-03-23T06:00:00
2227734911,28.473276,14.333333,2016-03-23T07:00:00
306586341,62.179973,60.556593,2016-03-23T07:00:00
308466202,19.860914,83.0,2016-03-23T07:00:00
308806969,25.832535,19.0,2016-03-23T07:00:00
308874220,135.671156,50.07,2016-03-23T07:00:00
12121597668,209.956608,120.0,2016-03-23T07:00:00
10023999011,52.779985,45.87,2016-03-23T07:00:00
1331929304,37.727471,37.830002,2016-03-23T07:00:00
10282796509,78.549096,32.0,2016-03-23T07:00:00
11757289130,34.300743,33.425,2016-03-23T07:00:00
7404868042,44.855489,47.595238,2016-03-23T07:00:00
3130783230,16.14718,22.91,2016-03-23T07:00:00
11387112308,59.830955,56.0,2016-03-23T07:00:00
6536473096,41.0664,24.04,2016-03-23T07:00:00
11864823655,28.505289,11.0,2016-03-23T07:00:00
9192304001,296.793358,120.0,2016-03-23T07:00:00
9510028770,32.802739,115.0,2016-03-23T07:00:00
9780502915,31.131941,32.29,2016-03-23T07:00:00
10113391770,32.802739,120.0,2016-03-23T07:00:00
10044505589,32.802739,120.0,2016-03-23T07:00:00
10079370129,19.860924,120.0,2016-03-23T07:00:00
12543439896,54.954094,48.053335,2016-03-23T07:00:00
2227734911,28.473276,14.333333,2016-03-23T08:00:00
306586341,62.179973,60.556593,2016-03-23T08:00:00
308466202,19.860914,83.0,2016-03-23T08:00:00
308806969,25.832535,19.0,2016-03-23T08:00:00
308874220,142.076081,50.07,2016-03-23T08:00:00
12121597668,218.156888,120.0,2016-03-23T08:00:00
10023999011,52.409316,45.87,2016-03-23T08:00:00
1331929304,37.727471,37.830002,2016-03-23T08:00:00
10282796509,78.549096,32.0,2016-03-23T08:00:00
11757289130,34.300743,33.425,2016-03-23T08:00:00
7404868042,44.855489,47.595238,2016-03-23T08:00:00
3130783230,16.14718,22.91,2016-03-23T08:00:00
11387112308,59.830955,56.0,2016-03-23T08:00:00
6536473096,39.717916,24.04,2016-03-23T08:00:00
11864823655,28.505289,11.0,2016-03-23T08:00:00
9192304001,296.260084,120.0,2016-03-23T08:00:00
9510028770,32.802739,115.0,2016-03-23T08:00:00
9780502915,31.131941,32.29,2016-03-23T08:00:00
10113391770,32.802739,120.0,2016-03-23T08:00:00
10044505589,32.802739,120.0,2016-03-23T08:00:00
10079370129,19.860924,120.0,2016-03-23T08:00:00
12543439896,54.954094,48.053335,2016-03-23T08:00:00
2227734911,28.473276,14.333333,2016-03-23T09:00:00
306586341,62.179973,60.556593,2016-03-23T09:00:00
308466202,19.860914,83.0,2016-03-23T09:00:00
308806969,25.832535,19.0,2016-03-23T09:00:00
308874220,148.493955,50.07,2016-03-23T09:00:00
12121597668,226.469122,120.0,2016-03-23T09:00:00
10023999011,52.002202,45.87,2016-03-23T09:00:00
1331929304,37.727471,37.830002,2016-03-23T09:00:00
10282796509,78.549096,32.0,2016-03-23T09:00:00
11757289130,34.300743,33.425,2016-03-23T09:00:00
7404868042,44.855489,47.595238,2016-03-23T09:00:00
3130783230,16.14718,22.91,2016-03-23T09:00:00
11387112308,59.830955,56.0,2016-03-23T09:00:00
6536473096,36.966884,24.04,2016-03-23T09:00:00
11864823655,28.505289,11.0,2016-03-23T09:00:00
9192304001,273.327969,120.0,2016-03-23T09:00:00
9510028770,32.802739,115.0,2016-03-23T09:00:00
9780502915,31.131941,32.29,2016-03-23T09:00:00
10113391770,32.802739,120.0,2016-03-23T09:00:00
10044505589,32.802739,120.0,2016-03-23T09:00:00
10079370129,19.860924,120.0,2016-03-23T09:00:00
12543439896,54.954094,48.053335,2016-03-23T09:00:00
2227734911,28.473276,14.333333,2016-03-23T10:00:00
306586341,62.179973,60.556593,2016-03-23T10:00:00
308466202,19.860914,83.0,2016-03-23T10:00:00
308806969,25.832535,19.0,2016-03-23T10:00:00
308874220,154.721886,50.07,2016-03-23T10:00:00
12121597668,229.645216,120.0,2016-03-23T10:00:00
10023999011,51.555984,45.87,2016-03-23T10:00:00
1331929304,37.727471,37.830002,2016-03-23T10:00:00
10282796509,78.549096,32.0,2016-03-23T10:00:00
11757289130,34.300743,33.425,2016-03-23T10:00:00
7404868042,44.855489,47.595238,2016-03-23T10:00:00
3130783230,16.14718,22.91,2016-03-23T10:00:00
11387112308,59.830955,56.0,2016-03-23T10:00:00
6536473096,32.426617,24.04,2016-03-23T10:00:00
11864823655,28.505289,11.0,2016-03-23T10:00:00
9192304001,257.335933,120.0,2016-03-23T10:00:00
9510028770,32.802739,115.0,2016-03-23T10:00:00
9780502915,31.131941,32.29,2016-03-23T10:00:00
10113391770,32.802739,120.0,2016-03-23T10:00:00
10044505589,32.802739,120.0,2016-03-23T10:00:00
10079370129,19.860924,120.0,2016-03-23T10:00:00
12543439896,54.954094,48.053335,2016-03-23T10:00:00
2227734911,28.473276,14.333333,2016-03-23T11:00:00
306586341,62.179973,60.556593,2016-03-23T11:00:00
308466202,19.860914,83.0,2016-03-23T11:00:00
308806969,25.832535,19.0,2016-03-23T11:00:00
308874220,158.827371,50.07,2016-03-23T11:00:00
12121597668,232.677613,120.0,2016-03-23T11:00:00
10023999011,51.067803,45.87,2016-03-23T11:00:00
1331929304,37.727471,37.830002,2016-03-23T11:00:00
10282796509,78.549096,32.0,2016-03-23T11:00:00
11757289130,34.300743,33.425,2016-03-23T11:00:00
7404868042,44.855489,47.595238,2016-03-23T11:00:00
3130783230,16.14718,22.91,2016-03-23T11:00:00
11387112308,59.830955,56.0,2016-03-23T11:00:00
6536473096,40.270016,24.04,2016-03-23T11:00:00
11864823655,28.505289,11.0,2016-03-23T11:00:00
9192304001,226.336442,120.0,2016-03-23T11:00:00
9510028770,32.802739,115.0,2016-03-23T11:00:00
9780502915,31.131941,32.29,2016-03-23T11:00:00
10113391770,32.802739,120.0,2016-03-23T11:00:00
10044505589,32.802739,120.0,2016-03-23T11:00:00
10079370129,19.860924,120.0,2016-03-23T11:00:00
12543439896,54.954094,48.053335,2016-03-23T11:00:00
2227734911,28.473276,14.333333,2016-03-23T12:00:00
306586341,62.179973,60.556593,2016-03-23T12:00:00
308466202,19.860914,83.0,2016-03-23T12:00:00
308806969,25.832535,19.0,2016-03-23T12:00:00
308874220,106.796226,50.07,2016-03-23T12:00:00
12121597668,239.747102,120.0,2016-03-23T12:00:00
10023999011,50.53458,45.87,2016-03-23T12:00:00
1331929304,37.727471,37.830002,2016-03-23T12:00:00
10282796509,78.549096,32.0,2016-03-23T12:00:00
11757289130,34.300743,33.425,2016-03-23T12:00:00
7404868042,44.855489,47.595238,2016-03-23T12:00:00
3130783230,16.14718,22.91,2016-03-23T12:00:00
11387112308,59.830955,56.0,2016-03-23T12:00:00
6536473096,19.244877,24.04,2016-03-23T12:00:00
11864823655,28.505289,11.0,2016-03-23T12:00:00
9192304001,223.486007,120.0,2016-03-23T12:00:00
9510028770,32.802739,115.0,2016-03-23T12:00:00
9780502915,31.131941,32.29,2016-03-23T12:00:00
10113391770,32.802739,120.0,2016-03-23T12:00:00
10044505589,32.802739,120.0,2016-03-23T12:00:00
10079370129,19.860924,120.0,2016-03-23T12:00:00
12543439896,54.954094,48.053335,2016-03-23T12:00:00
2227734911,28.473276,14.333333,2016-03-23T13:00:00
306586341,62.179973,60.556593,2016-03-23T13:00:00
308466202,19.860914,83.0,2016-03-23T13:00:00
308806969,25.832535,19.0,2016-03-23T13:00:00
308874220,113.973334,50.07,2016-03-23T13:00:00
12121597668,245.459296,120.0,2016-03-23T13:00:00
10023999011,53.712678,45.87,2016-03-23T13:00:00
1331929304,37.727471,37.830002,2016-03-23T13:00:00
10282796509,78.549096,32.0,2016-03-23T13:00:00
11757289130,34.300743,33.425,2016-03-23T13:00:00
7404868042,44.855489,47.595238,2016-03-23T13:00:00
3130783230,16.14718,22.91,2016-03-23T13:00:00
11387112308,59.830955,56.0,2016-03-23T13:00:00
6536473096,38.366019,24.04,2016-03-23T13:00:00
11864823655,28.505289,11.0,2016-03-23T13:00:00
9192304001,233.293998,120.0,2016-03-23T13:00:00
9510028770,32.802739,115.0,2016-03-23T13:00:00
9780502915,31.131941,32.29,2016-03-23T13:00:00
10113391770,32.802739,120.0,2016-03-23T13:00:00
10044505589,32.802739,120.0,2016-03-23T13:00:00
10079370129,19.860924,120.0,2016-03-23T13:00:00
12543439896,54.954094,48.053335,2016-03-23T13:00:00
2227734911,28.473276,14.333333,2016-03-23T14:00:00
306586341,62.179973,60.556593,2016-03-23T14:00:00
308466202,19.860914,83.0,2016-03-23T14:00:00
308806969,25.832535,19.0,2016-03-23T14:00:00
308874220,92.845465,50.07,2016-03-23T14:00:00
12121597668,248.87849,120.0,2016-03-23T14:00:00
10023999011,31.154934,45.87,2016-03-23T14:00:00
1331929304,37.727471,37.830002,2016-03-23T14:00:00
10282796509,78.549096,32.0,2016-03-23T14:00:00
11757289130,34.300743,33.425,2016-03-23T14:00:00
7404868042,44.855489,47.595238,2016-03-23T14:00:00
3130783230,16.14718,22.91,2016-03-23T14:00:00
11387112308,59.830955,56.0,2016-03-23T14:00:00
6536473096,53.615861,24.04,2016-03-23T14:00:00
11864823655,28.505289,11.0,2016-03-23T14:00:00
9192304001,244.554434,120.0,2016-03-23T14:00:00
9510028770,32.802739,115.0,2016-03-23T14:00:00
9780502915,31.131941,32.29,2016-03-23T14:00:00
10113391770,32.802739,120.0,2016-03-23T14:00:00
10044505589,32.802739,120.0,2016-03-23T14:00:00
10079370129,19.860924,120.0,2016-03-23T14:00:00
12543439896,54.954094,48.053335,2016-03-23T14:00:00
2227734911,28.473276,14.333333,2016-03-23T15:00:00
306586341,62.179973,60.556593,2016-03-23T15:00:00
308466202,19.860914,83.0,2016-03-23T15:00:00
308806969,25.832535,19.0,2016-03-23T15:00:00
308874220,87.778027,50.07,2016-03-23T15:00:00
12121597668,253.502164,120.0,2016-03-23T15:00:00
10023999011,38.436866,45.87,2016-03-23T15:00:00
1331929304,37.727471,37.830002,2016-03-23T15:00:00
10282796509,78.549096,32.0,2016-03-23T15:00:00
11757289130,34.300743,33.425,2016-03-23T15:00:00
7404868042,44.855489,47.595238,2016-03-23T15:00:00
3130783230,16.14718,22.91,2016-03-23T15:00:00
11387112308,59.830955,56.0,2016-03-23T15:00:00
6536473096,33.465141,24.04,2016-03-23T15:00:00
11864823655,28.505289,11.0,2016-03-23T15:00:00
9192304001,288.404963,120.0,2016-03-23T15:00:00
9510028770,32.802739,115.0,2016-03-23T15:00:00
9780502915,31.131941,32.29,2016-03-23T15:00:00
10113391770,32.802739,120.0,2016-03-23T15:00:00
10044505589,32.802739,120.0,2016-03-23T15:00:00
10079370129,19.860924,120.0,2016-03-23T15:00:00
12543439896,54.954094,48.053335,2016-03-23T15:00:00
2227734911,28.473276,14.333333,2016-03-23T16:00:00
306586341,62.179973,60.556593,2016-03-23T16:00:00
308466202,19.860914,83.0,2016-03-23T16:00:00
308806969,25.832535,19.0,2016-03-23T16:00:00
308874220,126.262389,50.07,2016-03-23T16:00:00
12121597668,260.501276,120.0,2016-03-23T16:00:00
10023999011,55.725643,45.87,2016-03-23T16:00:00
1331929304,37.727471,37.830002,2016-03-23T16:00:00
10282796509,78.549096,32.0,2016-03-23T16:00:00
11757289130,34.300743,33.425,2016-03-23T16:00:00
7404868042,44.855489,47.595238,2016-03-23T16:00:00
3130783230,16.14718,22.91,2016-03-23T16:00:00
11387112308,59.830955,56.0,2016-03-23T16:00:00
6536473096,45.465547,24.04,2016-03-23T16:00:00
11864823655,28.505289,11.0,2016-03-23T16:00:00
9192304001,352.97457,120.0,2016-03-23T16:00:00
9510028770,32.802739,115.0,2016-03-23T16:00:00
9780502915,31.131941,32.29,2016-03-23T16:00:00
10113391770,32.802739,120.0,2016-03-23T16:00:00
10044505589,32.802739,120.0,2016-03-23T16:00:00
10079370129,19.860924,120.0,2016-03-23T16:00:00
12543439896,54.954094,48.053335,2016-03-23T16:00:00
2227734911,28.473276,14.333333,2016-03-23T17:00:00
306586341,62.179973,60.556593,2016-03-23T17:00:00
308466202,19.860914,83.0,2016-03-23T17:00:00
308806969,25.832535,19.0,2016-03-23T17:00:00
308874220,141.794625,50.07,2016-03-23T17:00:00
12121597668,269.06505,120.0,2016-03-23T17:00:00
10023999011,56.813571,45.87,2016-03-23T17:00:00
1331929304,37.727471,37.830002,2016-03-23T17:00:00
10282796509,78.549096,32.0,2016-03-23T17:00:00
11757289130,34.300743,33.425,2016-03-23T17:00:00
7404868042,44.855489,47.595238,2016-03-23T17:00:00
3130783230,16.14718,22.91,2016-03-23T17:00:00
11387112308,59.830955,56.0,2016-03-23T17:00:00
6536473096,49.216021,24.04,2016-03-23T17:00:00
11864823655,28.505289,11.0,2016-03-23T17:00:00
9192304001,341.342811,120.0,2016-03-23T17:00:00
9510028770,32.802739,115.0,2016-03-23T17:00:00
9780502915,31.131941,32.29,2016-03-23T17:00:00
10113391770,32.802739,120.0,2016-03-23T17:00:00
10044505589,32.802739,120.0,2016-03-23T17:00:00
10079370129,19.860924,120.0,2016-03-23T17:00:00
12543439896,54.954094,48.053335,2016-03-23T17:00:00
2227734911,28.473276,14.333333,2016-03-23T18:00:00
306586341,62.179973,60.556593,2016-03-23T18:00:00
308466202,19.860914,83.0,2016-03-23T18:00:00
308806969,25.832535,19.0,2016-03-23T18:00:00
308874220,142.326713,50.07,2016-03-23T18:00:00
12121597668,275.754856,120.0,2016-03-23T18:00:00
10023999011,57.795137,45.87,2016-03-23T18:00:00
1331929304,37.727471,37.830002,2016-03-23T18:00:00
10282796509,78.549096,32.0,2016-03-23T18:00:00
11757289130,34.300743,33.425,2016-03-23T18:00:00
7404868042,44.855489,47.595238,2016-03-23T18:00:00
3130783230,16.14718,22.91,2016-03-23T18:00:00
11387112308,59.830955,56.0,2016-03-23T18:00:00
6536473096,50.147365,24.04,2016-03-23T18:00:00
11864823655,28.505289,11.0,2016-03-23T18:00:00
9192304001,355.564388,120.0,2016-03-23T18:00:00
9510028770,32.802739,115.0,2016-03-23T18:00:00
9780502915,31.131941,32.29,2016-03-23T18:00:00
10113391770,32.802739,120.0,2016-03-23T18:00:00
10044505589,32.802739,120.0,2016-03-23T18:00:00
10079370129,19.860924,120.0,2016-03-23T18:00:00
12543439896,54.954094,48.053335,2016-03-23T18:00:00
2227734911,28.473276,14.333333,2016-03-23T19:00:00
306586341,62.179973,60.556593,2016-03-23T19:00:00
308466202,19.860914,83.0,2016-03-23T19:00:00
308806969,25.832535,19.0,2016-03-23T19:00:00
308874220,136.081674,50.07,2016-03-23T19:00:00
12121597668,278.971667,120.0,2016-03-23T19:00:00
10023999011,54.570251,45.87,2016-03-23T19:00:00
1331929304,37.727471,37.830002,2016-03-23T19:00:00
10282796509,78.549096,32.0,2016-03-23T19:00:00
11757289130,34.300743,33.425,2016-03-23T19:00:00
7404868042,44.855489,47.595238,2016-03-23T19:00:00
3130783230,16.14718,22.91,2016-03-23T19:00:00
11387112308,59.830955,56.0,2016-03-23T19:00:00
6536473096,50.103101,24.04,2016-03-23T19:00:00
11864823655,28.505289,11.0,2016-03-23T19:00:00
9192304001,373.047521,120.0,2016-03-23T19:00:00
9510028770,32.802739,115.0,2016-03-23T19:00:00
9780502915,31.131941,32.29,2016-03-23T19:00:00
10113391770,32.802739,120.0,2016-03-23T19:00:00
10044505589,32.802739,120.0,2016-03-23T19:00:00
10079370129,19.860924,120.0,2016-03-23T19:00:00
12543439896,54.954094,48.053335,2016-03-23T19:00:00
2227734911,28.473276,14.333333,2016-03-23T20:00:00
306586341,62.179973,60.556593,2016-03-23T20:00:00
308466202,19.860914,83.0,2016-03-23T20:00:00
308806969,25.832535,19.0,2016-03-23T20:00:00
308874220,120.298643,50.07,2016-03-23T20:00:00
12121597668,280.002423,120.0,2016-03-23T20:00:00
10023999011,50.818735,45.87,2016-03-23T20:00:00
1331929304,37.727471,37.830002,2016-03-23T20:00:00
10282796509,78.549096,32.0,2016-03-23T20:00:00
11757289130,34.300743,33.425,2016-03-23T20:00:00
7404868042,44.855489,47.595238,2016-03-23T20:00:00
3130783230,16.14718,22.91,2016-03-23T20:00:00
11387112308,59.830955,56.0,2016-03-23T20:00:00
6536473096,81.10856,24.04,2016-03-23T20:00:00
11864823655,28.505289,11.0,2016-03-23T20:00:00
9192304001,361.319712,120.0,2016-03-23T20:00:00
9510028770,32.802739,115.0,2016-03-23T20:00:00
9780502915,31.131941,32.29,2016-03-23T20:00:00
10113391770,32.802739,120.0,2016-03-23T20:00:00
10044505589,32.802739,120.0,2016-03-23T20:00:00
10079370129,19.860924,120.0,2016-03-23T20:00:00
12543439896,54.954094,48.053335,2016-03-23T20:00:00
2227734911,28.473276,14.333333,2016-03-23T21:00:00
306586341,62.179973,60.556593,2016-03-23T21:00:00
308466202,19.860914,83.0,2016-03-23T21:00:00
308806969,25.832535,19.0,2016-03-23T21:00:00
308874220,112.2648,50.07,2016-03-23T21:00:00
12121597668,280.153111,120.0,2016-03-23T21:00:00
10023999011,50.382063,45.87,2016-03-23T21:00:00
1331929304,37.727471,37.830002,2016-03-23T21:00:00
10282796509,78.549096,32.0,2016-03-23T21:00:00
11757289130,34.300743,33.425,2016-03-23T21:00:00
7404868042,44.855489,47.595238,2016-03-23T21:00:00
3130783230,16.14718,22.91,2016-03-23T21:00:00
11387112308,59.830955,56.0,2016-03-23T21:00:00
6536473096,49.437106,24.04,2016-03-23T21:00:00
11864823655,28.505289,11.0,2016-03-23T21:00:00
9192304001,402.159,120.0,2016-03-23T21:00:00
9510028770,32.802739,115.0,2016-03-23T21:00:00
9780502915,31.131941,32.29,2016-03-23T21:00:00
10113391770,32.802739,120.0,2016-03-23T21:00:00
10044505589,32.802739,120.0,2016-03-23T21:00:00
10079370129,19.860924,120.0,2016-03-23T21:00:00
12543439896,54.954094,48.053335,2016-03-23T21:00:00
2227734911,28.473276,14.333333,2016-03-23T22:00:00
306586341,62.179973,60.556593,2016-03-23T22:00:00
308466202,19.860914,83.0,2016-03-23T22:00:00
308806969,25.832535,19.0,2016-03-23T22:00:00
308874220,123.632702,50.07,2016-03-23T22:00:00
12121597668,280.176863,120.0,2016-03-23T22:00:00
10023999011,50.185507,45.87,2016-03-23T22:00:00
1331929304,37.727471,37.830002,2016-03-23T22:00:00
10282796509,78.549096,32.0,2016-03-23T22:00:00
11757289130,34.300743,33.425,2016-03-23T22:00:00
7404868042,44.855489,47.595238,2016-03-23T22:00:00
3130783230,16.14718,22.91,2016-03-23T22:00:00
11387112308,59.830955,56.0,2016-03-23T22:00:00
6536473096,49.637873,24.04,2016-03-23T22:00:00
11864823655,28.505289,11.0,2016-03-23T22:00:00
9192304001,417.129131,120.0,2016-03-23T22:00:00
9510028770,32.802739,115.0,2016-03-23T22:00:00
9780502915,31.131941,32.29,2016-03-23T22:00:00
10113391770,32.802739,120.0,2016-03-23T22:00:00
10044505589,32.802739,120.0,2016-03-23T22:00:00
10079370129,19.860924,120.0,2016-03-23T22:00:00
12543439896,54.954094,48.053335,2016-03-23T22:00:00
2227734911,28.473276,14.333333,2016-03-23T23:00:00
306586341,62.179973,60.556593,2016-03-23T23:00:00
308466202,19.860914,83.0,2016-03-23T23:00:00
308806969,25.832535,19.0,2016-03-23T23:00:00
308874220,115.763047,50.07,2016-03-23T23:00:00
12121597668,280.533796,120.0,2016-03-23T23:00:00
10023999011,16.674686,45.87,2016-03-23T23:00:00
1331929304,37.727471,37.830002,2016-03-23T23:00:00
10282796509,78.549096,32.0,2016-03-23T23:00:00
11757289130,34.300743,33.425,2016-03-23T23:00:00
7404868042,44.855489,47.595238,2016-03-23T23:00:00
3130783230,16.14718,22.91,2016-03-23T23:00:00
11387112308,59.830955,56.0,2016-03-23T23:00:00
6536473096,66.451282,24.04,2016-03-23T23:00:00
11864823655,28.505289,11.0,2016-03-23T23:00:00
9192304001,359.789532,120.0,2016-03-23T23:00:00
9510028770,32.802739,115.0,2016-03-23T23:00:00
9780502915,31.131941,32.29,2016-03-23T23:00:00
10113391770,32.802739,120.0,2016-03-23T23:00:00
10044505589,32.802739,120.0,2016-03-23T23:00:00
10079370129,19.860924,120.0,2016-03-23T23:00:00
12543439896,54.954094,48.053335,2016-03-23T23:00:00
2227734911,28.473276,14.333333,2016-03-24T00:00:00
306586341,62.179973,60.556593,2016-03-24T00:00:00
308466202,19.860914,83.0,2016-03-24T00:00:00
308806969,25.832535,19.0,2016-03-24T00:00:00
308874220,114.58376,50.07,2016-03-24T00:00:00
12121597668,281.788907,120.0,2016-03-24T00:00:00
10023999011,169.052851,45.87,2016-03-24T00:00:00
1331929304,37.727471,37.830002,2016-03-24T00:00:00
10282796509,78.549096,32.0,2016-03-24T00:00:00
11757289130,34.300743,33.425,2016-03-24T00:00:00
7404868042,44.855489,47.595238,2016-03-24T00:00:00
3130783230,16.14718,22.91,2016-03-24T00:00:00
11387112308,59.830955,56.0,2016-03-24T00:00:00
6536473096,137.844672,24.04,2016-03-24T00:00:00
11864823655,28.505289,11.0,2016-03-24T00:00:00
9192304001,355.630615,120.0,2016-03-24T00:00:00
9510028770,32.802739,115.0,2016-03-24T00:00:00
9780502915,31.131941,32.29,2016-03-24T00:00:00
10113391770,32.802739,120.0,2016-03-24T00:00:00
10044505589,32.802739,120.0,2016-03-24T00:00:00
10079370129,19.860924,120.0,2016-03-24T00:00:00
12543439896,54.954094,48.053335,2016-03-24T00:00:00
2227734911,28.473276,14.333333,2016-03-24T01:00:00
306586341,62.179973,60.556593,2016-03-24T01:00:00
308466202,19.860914,83.0,2016-03-24T01:00:00
308806969,25.832535,19.0,2016-03-24T01:00:00
308874220,128.437888,50.07,2016-03-24T01:00:00
12121597668,280.216804,120.0,2016-03-24T01:00:00
10023999011,194.801327,45.87,2016-03-24T01:00:00
1331929304,37.727471,37.830002,2016-03-24T01:00:00
10282796509,78.549096,32.0,2016-03-24T01:00:00
11757289130,34.300743,33.425,2016-03-24T01:00:00
7404868042,44.855489,47.595238,2016-03-24T01:00:00
3130783230,16.14718,22.91,2016-03-24T01:00:00
11387112308,59.830955,56.0,2016-03-24T01:00:00
6536473096,50.908837,24.04,2016-03-24T01:00:00
11864823655,28.505289,11.0,2016-03-24T01:00:00
9192304001,369.419159,120.0,2016-03-24T01:00:00
9510028770,32.802739,115.0,2016-03-24T01:00:00
9780502915,31.131941,32.29,2016-03-24T01:00:00
10113391770,32.802739,120.0,2016-03-24T01:00:00
10044505589,32.802739,120.0,2016-03-24T01:00:00
10079370129,19.860924,120.0,2016-03-24T01:00:00
12543439896,54.954094,48.053335,2016-03-24T01:00:00
2227734911,28.473276,14.333333,2016-03-24T02:00:00
306586341,62.179973,60.556593,2016-03-24T02:00:00
308466202,19.860914,83.0,2016-03-24T02:00:00
308806969,25.832535,19.0,2016-03-24T02:00:00
308874220,160.571819,50.07,2016-03-24T02:00:00
12121597668,265.419069,120.0,2016-03-24T02:00:00
10023999011,24.074832,45.87,2016-03-24T02:00:00
1331929304,37.727471,37.830002,2016-03-24T02:00:00
10282796509,78.549096,32.0,2016-03-24T02:00:00
11757289130,34.300743,33.425,2016-03-24T02:00:00
7404868042,44.855489,47.595238,2016-03-24T02:00:00
3130783230,16.14718,22.91,2016-03-24T02:00:00
11387112308,59.830955,56.0,2016-03-24T02:00:00
6536473096,46.947927,24.04,2016-03-24T02:00:00
11864823655,28.505289,11.0,2016-03-24T02:00:00
9192304001,364.063938,120.0,2016-03-24T02:00:00
9510028770,32.802739,115.0,2016-03-24T02:00:00
9780502915,31.131941,32.29,2016-03-24T02:00:00
10113391770,32.802739,120.0,2016-03-24T02:00:00
10044505589,32.802739,120.0,2016-03-24T02:00:00
10079370129,19.860924,120.0,2016-03-24T02:00:00
12543439896,54.954094,48.053335,2016-03-24T02:00:00
2227734911,28.473276,14.333333,2016-03-24T03:00:00
306586341,62.179973,60.556593,2016-03-24T03:00:00
308466202,19.860914,83.0,2016-03-24T03:00:00
308806969,25.832535,19.0,2016-03-24T03:00:00
308874220,116.157611,50.07,2016-03-24T03:00:00
12121597668,218.650303,120.0,2016-03-24T03:00:00
10023999011,6.050391,45.87,2016-03-24T03:00:00
1331929304,37.727471,37.830002,2016-03-24T03:00:00
10282796509,78.549096,32.0,2016-03-24T03:00:00
11757289130,34.300743,33.425,2016-03-24T03:00:00
7404868042,44.855489,47.595238,2016-03-24T03:00:00
3130783230,16.14718,22.91,2016-03-24T03:00:00
11387112308,59.830955,56.0,2016-03-24T03:00:00
6536473096,48.189251,24.04,2016-03-24T03:00:00
11864823655,28.505289,11.0,2016-03-24T03:00:00
9192304001,346.967786,120.0,2016-03-24T03:00:00
9510028770,32.802739,115.0,2016-03-24T03:00:00
9780502915,31.131941,32.29,2016-03-24T03:00:00
10113391770,32.802739,120.0,2016-03-24T03:00:00
10044505589,32.802739,120.0,2016-03-24T03:00:00
10079370129,19.860924,120.0,2016-03-24T03:00:00
12543439896,54.954094,48.053335,2016-03-24T03:00:00
2227734911,28.473276,14.333333,2016-03-24T04:00:00
306586341,62.179973,60.556593,2016-03-24T04:00:00
308466202,19.860914,83.0,2016-03-24T04:00:00
308806969,25.832535,19.0,2016-03-24T04:00:00
308874220,108.536616,50.07,2016-03-24T04:00:00
12121597668,136.170641,120.0,2016-03-24T04:00:00
10023999011,5.878583,45.87,2016-03-24T04:00:00
1331929304,37.727471,37.830002,2016-03-24T04:00:00
10282796509,78.549096,32.0,2016-03-24T04:00:00
11757289130,34.300743,33.425,2016-03-24T04:00:00
7404868042,44.855489,47.595238,2016-03-24T04:00:00
3130783230,16.14718,22.91,2016-03-24T04:00:00
11387112308,59.830955,56.0,2016-03-24T04:00:00
6536473096,48.065106,24.04,2016-03-24T04:00:00
11864823655,28.505289,11.0,2016-03-24T04:00:00
9192304001,339.561008,120.0,2016-03-24T04:00:00
9510028770,32.802739,115.0,2016-03-24T04:00:00
9780502915,31.131941,32.29,2016-03-24T04:00:00
10113391770,32.802739,120.0,2016-03-24T04:00:00
10044505589,32.802739,120.0,2016-03-24T04:00:00
10079370129,19.860924,120.0,2016-03-24T04:00:00
12543439896,54.954094,48.053335,2016-03-24T04:00:00
2227734911,28.473276,14.333333,2016-03-24T05:00:00
306586341,62.179973,60.556593,2016-03-24T05:00:00
308466202,19.860914,83.0,2016-03-24T05:00:00
308806969,25.832535,19.0,2016-03-24T05:00:00
308874220,103.63908,50.07,2016-03-24T05:00:00
12121597668,160.820489,120.0,2016-03-24T05:00:00
10023999011,5.972375,45.87,2016-03-24T05:00:00
1331929304,37.727471,37.830002,2016-03-24T05:00:00
10282796509,78.549096,32.0,2016-03-24T05:00:00
11757289130,34.300743,33.425,2016-03-24T05:00:00
7404868042,44.855489,47.595238,2016-03-24T05:00:00
3130783230,16.14718,22.91,2016-03-24T05:00:00
11387112308,59.830955,56.0,2016-03-24T05:00:00
6536473096,48.080615,24.04,2016-03-24T05:00:00
11864823655,28.505289,11.0,2016-03-24T05:00:00
9192304001,335.641613,120.0,2016-03-24T05:00:00
9510028770,32.802739,115.0,2016-03-24T05:00:00
9780502915,31.131941,32.29,2016-03-24T05:00:00
10113391770,32.802739,120.0,2016-03-24T05:00:00
10044505589,32.802739,120.0,2016-03-24T05:00:00
10079370129,19.860924,120.0,2016-03-24T05:00:00
12543439896,54.954094,48.053335,2016-03-24T05:00:00
2227734911,28.473276,14.333333,2016-03-24T06:00:00
306586341,62.179973,60.556593,2016-03-24T06:00:00
308466202,19.860914,83.0,2016-03-24T06:00:00
308806969,25.832535,19.0,2016-03-24T06:00:00
308874220,101.26589,50.07,2016-03-24T06:00:00
12121597668,106.103434,120.0,2016-03-24T06:00:00
10023999011,6.656525,45.87,2016-03-24T06:00:00
1331929304,37.727471,37.830002,2016-03-24T06:00:00
10282796509,78.549096,32.0,2016-03-24T06:00:00
11757289130,34.300743,33.425,2016-03-24T06:00:00
7404868042,44.855489,47.595238,2016-03-24T06:00:00
3130783230,16.14718,22.91,2016-03-24T06:00:00
11387112308,59.830955,56.0,2016-03-24T06:00:00
6536473096,48.194341,24.04,2016-03-24T06:00:00
11864823655,28.505289,11.0,2016-03-24T06:00:00
9192304001,318.178573,120.0,2016-03-24T06:00:00
9510028770,32.802739,115.0,2016-03-24T06:00:00
9780502915,31.131941,32.29,2016-03-24T06:00:00
10113391770,32.802739,120.0,2016-03-24T06:00:00
10044505589,32.802739,120.0,2016-03-24T06:00:00
10079370129,19.860924,120.0,2016-03-24T06:00:00
12543439896,54.954094,48.053335,2016-03-24T06:00:00
2227734911,28.473276,14.333333,2016-03-24T07:00:00
306586341,62.179973,60.556593,2016-03-24T07:00:00
308466202,19.860914,83.0,2016-03-24T07:00:00
308806969,25.832535,19.0,2016-03-24T07:00:00
308874220,98.314601,50.07,2016-03-24T07:00:00
12121597668,39.777419,120.0,2016-03-24T07:00:00
10023999011,8.17092,45.87,2016-03-24T07:00:00
1331929304,37.727471,37.830002,2016-03-24T07:00:00
10282796509,78.549096,32.0,2016-03-24T07:00:00
11757289130,34.300743,33.425,2016-03-24T07:00:00
7404868042,44.855489,47.595238,2016-03-24T07:00:00
3130783230,16.14718,22.91,2016-03-24T07:00:00
11387112308,59.830955,56.0,2016-03-24T07:00:00
6536473096,47.78274,24.04,2016-03-24T07:00:00
11864823655,28.505289,11.0,2016-03-24T07:00:00
9192304001,315.700421,120.0,2016-03-24T07:00:00
9510028770,32.802739,115.0,2016-03-24T07:00:00
9780502915,31.131941,32.29,2016-03-24T07:00:00
10113391770,32.802739,120.0,2016-03-24T07:00:00
10044505589,32.802739,120.0,2016-03-24T07:00:00
10079370129,19.860924,120.0,2016-03-24T07:00:00
12543439896,54.954094,48.053335,2016-03-24T07:00:00
2227734911,28.473276,14.333333,2016-03-24T08:00:00
306586341,62.179973,60.556593,2016-03-24T08:00:00
308466202,19.860914,83.0,2016-03-24T08:00:00
308806969,25.832535,19.0,2016-03-24T08:00:00
308874220,97.022012,50.07,2016-03-24T08:00:00
12121597668,133.194149,120.0,2016-03-24T08:00:00
10023999011,14.009514,45.87,2016-03-24T08:00:00
1331929304,37.727471,37.830002,2016-03-24T08:00:00
10282796509,78.549096,32.0,2016-03-24T08:00:00
11757289130,34.300743,33.425,2016-03-24T08:00:00
7404868042,44.855489,47.595238,2016-03-24T08:00:00
3130783230,16.14718,22.91,2016-03-24T08:00:00
11387112308,59.830955,56.0,2016-03-24T08:00:00
6536473096,46.838846,24.04,2016-03-24T08:00:00
11864823655,28.505289,11.0,2016-03-24T08:00:00
9192304001,330.260903,120.0,2016-03-24T08:00:00
9510028770,32.802739,115.0,2016-03-24T08:00:00
9780502915,31.131941,32.29,2016-03-24T08:00:00
10113391770,32.802739,120.0,2016-03-24T08:00:00
10044505589,32.802739,120.0,2016-03-24T08:00:00
10079370129,19.860924,120.0,2016-03-24T08:00:00
12543439896,54.954094,48.053335,2016-03-24T08:00:00
2227734911,28.473276,14.333333,2016-03-24T09:00:00
306586341,62.179973,60.556593,2016-03-24T09:00:00
308466202,19.860914,83.0,2016-03-24T09:00:00
308806969,25.832535,19.0,2016-03-24T09:00:00
308874220,95.620536,50.07,2016-03-24T09:00:00
12121597668,169.241967,120.0,2016-03-24T09:00:00
10023999011,15.20337,45.87,2016-03-24T09:00:00
1331929304,37.727471,37.830002,2016-03-24T09:00:00
10282796509,78.549096,32.0,2016-03-24T09:00:00
11757289130,34.300743,33.425,2016-03-24T09:00:00
7404868042,44.855489,47.595238,2016-03-24T09:00:00
3130783230,16.14718,22.91,2016-03-24T09:00:00
11387112308,59.830955,56.0,2016-03-24T09:00:00
6536473096,46.977832,24.04,2016-03-24T09:00:00
11864823655,28.505289,11.0,2016-03-24T09:00:00
9192304001,300.716145,120.0,2016-03-24T09:00:00
9510028770,32.802739,115.0,2016-03-24T09:00:00
9780502915,31.131941,32.29,2016-03-24T09:00:00
10113391770,32.802739,120.0,2016-03-24T09:00:00
10044505589,32.802739,120.0,2016-03-24T09:00:00
10079370129,19.860924,120.0,2016-03-24T09:00:00
12543439896,54.954094,48.053335,2016-03-24T09:00:00
2227734911,28.473276,14.333333,2016-03-24T10:00:00
306586341,62.179973,60.556593,2016-03-24T10:00:00
308466202,19.860914,83.0,2016-03-24T10:00:00
308806969,25.832535,19.0,2016-03-24T10:00:00
308874220,94.648588,50.07,2016-03-24T10:00:00
12121597668,224.571155,120.0,2016-03-24T10:00:00
10023999011,16.251945,45.87,2016-03-24T10:00:00
1331929304,37.727471,37.830002,2016-03-24T10:00:00
10282796509,78.549096,32.0,2016-03-24T10:00:00
11757289130,34.300743,33.425,2016-03-24T10:00:00
7404868042,44.855489,47.595238,2016-03-24T10:00:00
3130783230,16.14718,22.91,2016-03-24T10:00:00
11387112308,59.830955,56.0,2016-03-24T10:00:00
6536473096,46.229871,24.04,2016-03-24T10:00:00
11864823655,28.505289,11.0,2016-03-24T10:00:00
9192304001,261.801888,120.0,2016-03-24T10:00:00
9510028770,32.802739,115.0,2016-03-24T10:00:00
9780502915,31.131941,32.29,2016-03-24T10:00:00
10113391770,32.802739,120.0,2016-03-24T10:00:00
10044505589,32.802739,120.0,2016-03-24T10:00:00
10079370129,19.860924,120.0,2016-03-24T10:00:00
12543439896,54.954094,48.053335,2016-03-24T10:00:00
2227734911,28.473276,14.333333,2016-03-24T11:00:00
306586341,62.179973,60.556593,2016-03-24T11:00:00
308466202,19.860914,83.0,2016-03-24T11:00:00
308806969,25.832535,19.0,2016-03-24T11:00:00
308874220,93.415082,50.07,2016-03-24T11:00:00
12121597668,113.537214,120.0,2016-03-24T11:00:00
10023999011,13.859184,45.87,2016-03-24T11:00:00
1331929304,37.727471,37.830002,2016-03-24T11:00:00
10282796509,78.549096,32.0,2016-03-24T11:00:00
11757289130,34.300743,33.425,2016-03-24T11:00:00
7404868042,44.855489,47.595238,2016-03-24T11:00:00
3130783230,16.14718,22.91,2016-03-24T11:00:00
11387112308,59.830955,56.0,2016-03-24T11:00:00
6536473096,46.36807,24.04,2016-03-24T11:00:00
11864823655,28.505289,11.0,2016-03-24T11:00:00
9192304001,210.380157,120.0,2016-03-24T11:00:00
9510028770,32.802739,115.0,2016-03-24T11:00:00
9780502915,31.131941,32.29,2016-03-24T11:00:00
10113391770,32.802739,120.0,2016-03-24T11:00:00
10044505589,32.802739,120.0,2016-03-24T11:00:00
10079370129,19.860924,120.0,2016-03-24T11:00:00
12543439896,54.954094,48.053335,2016-03-24T11:00:00
2227734911,28.473276,14.333333,2016-03-24T12:00:00
306586341,62.179973,60.556593,2016-03-24T12:00:00
308466202,19.860914,83.0,2016-03-24T12:00:00
308806969,25.832535,19.0,2016-03-24T12:00:00
308874220,92.741474,50.07,2016-03-24T12:00:00
12121597668,111.71314,120.0,2016-03-24T12:00:00
10023999011,13.082617,45.87,2016-03-24T12:00:00
1331929304,37.727471,37.830002,2016-03-24T12:00:00
10282796509,78.549096,32.0,2016-03-24T12:00:00
11757289130,34.300743,33.425,2016-03-24T12:00:00
7404868042,44.855489,47.595238,2016-03-24T12:00:00
3130783230,16.14718,22.91,2016-03-24T12:00:00
11387112308,59.830955,56.0,2016-03-24T12:00:00
6536473096,45.250901,24.04,2016-03-24T12:00:00
11864823655,28.505289,11.0,2016-03-24T12:00:00
9192304001,206.065912,120.0,2016-03-24T12:00:00
9510028770,32.802739,115.0,2016-03-24T12:00:00
9780502915,31.131941,32.29,2016-03-24T12:00:00
10113391770,32.802739,120.0,2016-03-24T12:00:00
10044505589,32.802739,120.0,2016-03-24T12:00:00
10079370129,19.860924,120.0,2016-03-24T12:00:00
12543439896,54.954094,48.053335,2016-03-24T12:00:00
2227734911,28.473276,14.333333,2016-03-24T13:00:00
306586341,62.179973,60.556593,2016-03-24T13:00:00
308466202,19.860914,83.0,2016-03-24T13:00:00
308806969,25.832535,19.0,2016-03-24T13:00:00
308874220,92.856697,50.07,2016-03-24T13:00:00
12121597668,85.920389,120.0,2016-03-24T13:00:00
10023999011,35.727297,45.87,2016-03-24T13:00:00
1331929304,37.727471,37.830002,2016-03-24T13:00:00
10282796509,78.549096,32.0,2016-03-24T13:00:00
11757289130,34.300743,33.425,2016-03-24T13:00:00
7404868042,44.855489,47.595238,2016-03-24T13:00:00
3130783230,16.14718,22.91,2016-03-24T13:00:00
11387112308,59.830955,56.0,2016-03-24T13:00:00
6536473096,44.752601,24.04,2016-03-24T13:00:00
11864823655,28.505289,11.0,2016-03-24T13:00:00
9192304001,206.988374,120.0,2016-03-24T13:00:00
9510028770,32.802739,115.0,2016-03-24T13:00:00
9780502915,31.131941,32.29,2016-03-24T13:00:00
10113391770,32.802739,120.0,2016-03-24T13:00:00
10044505589,32.802739,120.0,2016-03-24T13:00:00
10079370129,19.860924,120.0,2016-03-24T13:00:00
12543439896,54.954094,48.053335,2016-03-24T13:00:00
2227734911,28.473276,14.333333,2016-03-24T14:00:00
306586341,62.179973,60.556593,2016-03-24T14:00:00
308466202,19.860914,83.0,2016-03-24T14:00:00
308806969,25.832535,19.0,2016-03-24T14:00:00
308874220,93.357113,50.07,2016-03-24T14:00:00
12121597668,-5.501649,120.0,2016-03-24T14:00:00
10023999011,36.692546,45.87,2016-03-24T14:00:00
1331929304,37.727471,37.830002,2016-03-24T14:00:00
10282796509,78.549096,32.0,2016-03-24T14:00:00
11757289130,34.300743,33.425,2016-03-24T14:00:00
7404868042,44.855489,47.595238,2016-03-24T14:00:00
3130783230,16.14718,22.91,2016-03-24T14:00:00
11387112308,59.830955,56.0,2016-03-24T14:00:00
6536473096,44.671013,24.04,2016-03-24T14:00:00
11864823655,28.505289,11.0,2016-03-24T14:00:00
9192304001,219.342563,120.0,2016-03-24T14:00:00
9510028770,32.802739,115.0,2016-03-24T14:00:00
9780502915,31.131941,32.29,2016-03-24T14:00:00
10113391770,32.802739,120.0,2016-03-24T14:00:00
10044505589,32.802739,120.0,2016-03-24T14:00:00
10079370129,19.860924,120.0,2016-03-24T14:00:00
12543439896,54.954094,48.053335,2016-03-24T14:00:00
2227734911,28.473276,14.333333,2016-03-24T15:00:00
306586341,62.179973,60.556593,2016-03-24T15:00:00
308466202,19.860914,83.0,2016-03-24T15:00:00
308806969,25.832535,19.0,2016-03-24T15:00:00
308874220,92.830186,50.07,2016-03-24T15:00:00
12121597668,101.511463,120.0,2016-03-24T15:00:00
10023999011,37.296886,45.87,2016-03-24T15:00:00
1331929304,37.727471,37.830002,2016-03-24T15:00:00
10282796509,78.549096,32.0,2016-03-24T15:00:00
11757289130,34.300743,33.425,2016-03-24T15:00:00
7404868042,44.855489,47.595238,2016-03-24T15:00:00
3130783230,16.14718,22.91,2016-03-24T15:00:00
11387112308,59.830955,56.0,2016-03-24T15:00:00
6536473096,44.694632,24.04,2016-03-24T15:00:00
11864823655,28.505289,11.0,2016-03-24T15:00:00
9192304001,216.633679,120.0,2016-03-24T15:00:00
9510028770,32.802739,115.0,2016-03-24T15:00:00
9780502915,31.131941,32.29,2016-03-24T15:00:00
10113391770,32.802739,120.0,2016-03-24T15:00:00
10044505589,32.802739,120.0,2016-03-24T15:00:00
10079370129,19.860924,120.0,2016-03-24T15:00:00
12543439896,54.954094,48.053335,2016-03-24T15:00:00
2227734911,28.473276,14.333333,2016-03-24T16:00:00
306586341,62.179973,60.556593,2016-03-24T16:00:00
308466202,19.860914,83.0,2016-03-24T16:00:00
308806969,25.832535,19.0,2016-03-24T16:00:00
308874220,92.324272,50.07,2016-03-24T16:00:00
12121597668,99.36727,120.0,2016-03-24T16:00:00
10023999011,37.901226,45.87,2016-03-24T16:00:00
1331929304,37.727471,37.830002,2016-03-24T16:00:00
10282796509,78.549096,32.0,2016-03-24T16:00:00
11757289130,34.300743,33.425,2016-03-24T16:00:00
7404868042,44.855489,47.595238,2016-03-24T16:00:00
3130783230,16.14718,22.91,2016-03-24T16:00:00
11387112308,59.830955,56.0,2016-03-24T16:00:00
6536473096,44.718772,24.04,2016-03-24T16:00:00
11864823655,28.505289,11.0,2016-03-24T16:00:00
9192304001,213.705385,120.0,2016-03-24T16:00:00
9510028770,32.802739,115.0,2016-03-24T16:00:00
9780502915,31.131941,32.29,2016-03-24T16:00:00
10113391770,32.802739,120.0,2016-03-24T16:00:00
10044505589,32.802739,120.0,2016-03-24T16:00:00
10079370129,19.860924,120.0,2016-03-24T16:00:00
12543439896,54.954094,48.053335,2016-03-24T16:00:00
2227734911,28.473276,14.333333,2016-03-24T17:00:00
306586341,62.179973,60.556593,2016-03-24T17:00:00
308466202,19.860914,83.0,2016-03-24T17:00:00
308806969,25.832535,19.0,2016-03-24T17:00:00
308874220,91.840025,50.07,2016-03-24T17:00:00
12121597668,110.414449,120.0,2016-03-24T17:00:00
10023999011,38.504785,45.87,2016-03-24T17:00:00
1331929304,37.727471,37.830002,2016-03-24T17:00:00
10282796509,78.549096,32.0,2016-03-24T17:00:00
11757289130,34.300743,33.425,2016-03-24T17:00:00
7404868042,44.855489,47.595238,2016-03-24T17:00:00
3130783230,16.14718,22.91,2016-03-24T17:00:00
11387112308,59.830955,56.0,2016-03-24T17:00:00
6536473096,44.743219,24.04,2016-03-24T17:00:00
11864823655,28.505289,11.0,2016-03-24T17:00:00
9192304001,226.736873,120.0,2016-03-24T17:00:00
9510028770,32.802739,115.0,2016-03-24T17:00:00
9780502915,31.131941,32.29,2016-03-24T17:00:00
10113391770,32.802739,120.0,2016-03-24T17:00:00
10044505589,32.802739,120.0,2016-03-24T17:00:00
10079370129,19.860924,120.0,2016-03-24T17:00:00
12543439896,54.954094,48.053335,2016-03-24T17:00:00
2227734911,28.473276,14.333333,2016-03-24T18:00:00
306586341,62.179973,60.556593,2016-03-24T18:00:00
308466202,19.860914,83.0,2016-03-24T18:00:00
308806969,25.832535,19.0,2016-03-24T18:00:00
308874220,91.377956,50.07,2016-03-24T18:00:00
12121597668,42.065302,120.0,2016-03-24T18:00:00
10023999011,39.106545,45.87,2016-03-24T18:00:00
1331929304,37.727471,37.830002,2016-03-24T18:00:00
10282796509,78.549096,32.0,2016-03-24T18:00:00
11757289130,34.300743,33.425,2016-03-24T18:00:00
7404868042,44.855489,47.595238,2016-03-24T18:00:00
3130783230,16.14718,22.91,2016-03-24T18:00:00
11387112308,59.830955,56.0,2016-03-24T18:00:00
6536473096,44.768146,24.04,2016-03-24T18:00:00
11864823655,28.505289,11.0,2016-03-24T18:00:00
9192304001,197.616052,120.0,2016-03-24T18:00:00
9510028770,32.802739,115.0,2016-03-24T18:00:00
9780502915,31.131941,32.29,2016-03-24T18:00:00
10113391770,32.802739,120.0,2016-03-24T18:00:00
10044505589,32.802739,120.0,2016-03-24T18:00:00
10079370129,19.860924,120.0,2016-03-24T18:00:00
12543439896,54.954094,48.053335,2016-03-24T18:00:00
2227734911,28.473276,14.333333,2016-03-24T19:00:00
306586341,62.179973,60.556593,2016-03-24T19:00:00
308466202,19.860914,83.0,2016-03-24T19:00:00
308806969,25.832535,19.0,2016-03-24T19:00:00
308874220,90.938965,50.07,2016-03-24T19:00:00
12121597668,41.747385,120.0,2016-03-24T19:00:00
10023999011,39.705264,45.87,2016-03-24T19:00:00
1331929304,37.727471,37.830002,2016-03-24T19:00:00
10282796509,78.549096,32.0,2016-03-24T19:00:00
11757289130,34.300743,33.425,2016-03-24T19:00:00
7404868042,44.855489,47.595238,2016-03-24T19:00:00
3130783230,16.14718,22.91,2016-03-24T19:00:00
11387112308,59.830955,56.0,2016-03-24T19:00:00
6536473096,44.793472,24.04,2016-03-24T19:00:00
11864823655,28.505289,11.0,2016-03-24T19:00:00
9192304001,205.23762,120.0,2016-03-24T19:00:00
9510028770,32.802739,115.0,2016-03-24T19:00:00
9780502915,31.131941,32.29,2016-03-24T19:00:00
10113391770,32.802739,120.0,2016-03-24T19:00:00
10044505589,32.802739,120.0,2016-03-24T19:00:00
10079370129,19.860924,120.0,2016-03-24T19:00:00
12543439896,54.954094,48.053335,2016-03-24T19:00:00
2227734911,28.473276,14.333333,2016-03-24T20:00:00
306586341,62.179973,60.556593,2016-03-24T20:00:00
308466202,19.860914,83.0,2016-03-24T20:00:00
308806969,25.832535,19.0,2016-03-24T20:00:00
308874220,90.523725,50.07,2016-03-24T20:00:00
12121597668,41.72336,120.0,2016-03-24T20:00:00
10023999011,40.299788,45.87,2016-03-24T20:00:00
1331929304,37.727471,37.830002,2016-03-24T20:00:00
10282796509,78.549096,32.0,2016-03-24T20:00:00
11757289130,34.300743,33.425,2016-03-24T20:00:00
7404868042,44.855489,47.595238,2016-03-24T20:00:00
3130783230,16.14718,22.91,2016-03-24T20:00:00
11387112308,59.830955,56.0,2016-03-24T20:00:00
6536473096,44.819125,24.04,2016-03-24T20:00:00
11864823655,28.505289,11.0,2016-03-24T20:00:00
9192304001,207.022693,120.0,2016-03-24T20:00:00
9510028770,32.802739,115.0,2016-03-24T20:00:00
9780502915,31.131941,32.29,2016-03-24T20:00:00
10113391770,32.802739,120.0,2016-03-24T20:00:00
10044505589,32.802739,120.0,2016-03-24T20:00:00
10079370129,19.860924,120.0,2016-03-24T20:00:00
12543439896,54.954094,48.053335,2016-03-24T20:00:00
2227734911,28.473276,14.333333,2016-03-24T21:00:00
306586341,62.179973,60.556593,2016-03-24T21:00:00
308466202,19.860914,83.0,2016-03-24T21:00:00
308806969,25.832535,19.0,2016-03-24T21:00:00
308874220,90.132861,50.07,2016-03-24T21:00:00
12121597668,89.570756,120.0,2016-03-24T21:00:00
10023999011,40.888956,45.87,2016-03-24T21:00:00
1331929304,37.727471,37.830002,2016-03-24T21:00:00
10282796509,78.549096,32.0,2016-03-24T21:00:00
11757289130,34.300743,33.425,2016-03-24T21:00:00
7404868042,44.855489,47.595238,2016-03-24T21:00:00
3130783230,16.14718,22.91,2016-03-24T21:00:00
11387112308,59.830955,56.0,2016-03-24T21:00:00
6536473096,44.845238,24.04,2016-03-24T21:00:00
11864823655,28.505289,11.0,2016-03-24T21:00:00
9192304001,206.898497,120.0,2016-03-24T21:00:00
9510028770,32.802739,115.0,2016-03-24T21:00:00
9780502915,31.131941,32.29,2016-03-24T21:00:00
10113391770,32.802739,120.0,2016-03-24T21:00:00
10044505589,32.802739,120.0,2016-03-24T21:00:00
10079370129,19.860924,120.0,2016-03-24T21:00:00
12543439896,54.954094,48.053335,2016-03-24T21:00:00
2227734911,28.473276,14.333333,2016-03-24T22:00:00
306586341,62.179973,60.556593,2016-03-24T22:00:00
308466202,19.860914,83.0,2016-03-24T22:00:00
308806969,25.832535,19.0,2016-03-24T22:00:00
308874220,89.767138,50.07,2016-03-24T22:00:00
12121597668,100.789769,120.0,2016-03-24T22:00:00
10023999011,41.471869,45.87,2016-03-24T22:00:00
1331929304,37.727471,37.830002,2016-03-24T22:00:00
10282796509,78.549096,32.0,2016-03-24T22:00:00
11757289130,34.300743,33.425,2016-03-24T22:00:00
7404868042,44.855489,47.595238,2016-03-24T22:00:00
3130783230,16.14718,22.91,2016-03-24T22:00:00
11387112308,59.830955,56.0,2016-03-24T22:00:00
6536473096,44.87177,24.04,2016-03-24T22:00:00
11864823655,28.505289,11.0,2016-03-24T22:00:00
9192304001,204.361374,120.0,2016-03-24T22:00:00
9510028770,32.802739,115.0,2016-03-24T22:00:00
9780502915,31.131941,32.29,2016-03-24T22:00:00
10113391770,32.802739,120.0,2016-03-24T22:00:00
10044505589,32.802739,120.0,2016-03-24T22:00:00
10079370129,19.860924,120.0,2016-03-24T22:00:00
12543439896,54.954094,48.053335,2016-03-24T22:00:00
2227734911,28.473276,14.333333,2016-03-24T23:00:00
306586341,62.179973,60.556593,2016-03-24T23:00:00
308466202,19.860914,83.0,2016-03-24T23:00:00
308806969,25.832535,19.0,2016-03-24T23:00:00
308874220,89.427069,50.07,2016-03-24T23:00:00
12121597668,179.53258,120.0,2016-03-24T23:00:00
10023999011,42.047782,45.87,2016-03-24T23:00:00
1331929304,37.727471,37.830002,2016-03-24T23:00:00
10282796509,78.549096,32.0,2016-03-24T23:00:00
11757289130,34.300743,33.425,2016-03-24T23:00:00
7404868042,44.855489,47.595238,2016-03-24T23:00:00
3130783230,16.14718,22.91,2016-03-24T23:00:00
11387112308,59.830955,56.0,2016-03-24T23:00:00
6536473096,44.898649,24.04,2016-03-24T23:00:00
11864823655,28.505289,11.0,2016-03-24T23:00:00
9192304001,213.032952,120.0,2016-03-24T23:00:00
9510028770,32.802739,115.0,2016-03-24T23:00:00
9780502915,31.131941,32.29,2016-03-24T23:00:00
10113391770,32.802739,120.0,2016-03-24T23:00:00
10044505589,32.802739,120.0,2016-03-24T23:00:00
10079370129,19.860924,120.0,2016-03-24T23:00:00
12543439896,54.954094,48.053335,2016-03-24T23:00:00
2227734911,28.473276,14.333333,2016-03-25T00:00:00
306586341,62.179973,60.556593,2016-03-25T00:00:00
308466202,19.860914,83.0,2016-03-25T00:00:00
308806969,25.832535,19.0,2016-03-25T00:00:00
308874220,89.11346,50.07,2016-03-25T00:00:00
12121597668,227.967844,120.0,2016-03-25T00:00:00
10023999011,42.614767,45.87,2016-03-25T00:00:00
1331929304,37.727471,37.830002,2016-03-25T00:00:00
10282796509,78.549096,32.0,2016-03-25T00:00:00
11757289130,34.300743,33.425,2016-03-25T00:00:00
7404868042,44.855489,47.595238,2016-03-25T00:00:00
3130783230,16.14718,22.91,2016-03-25T00:00:00
11387112308,59.830955,56.0,2016-03-25T00:00:00
6536473096,44.925907,24.04,2016-03-25T00:00:00
11864823655,28.505289,11.0,2016-03-25T00:00:00
9192304001,216.813249,120.0,2016-03-25T00:00:00
9510028770,32.802739,115.0,2016-03-25T00:00:00
9780502915,31.131941,32.29,2016-03-25T00:00:00
10113391770,32.802739,120.0,2016-03-25T00:00:00
10044505589,32.802739,120.0,2016-03-25T00:00:00
10079370129,19.860924,120.0,2016-03-25T00:00:00
12543439896,54.954094,48.053335,2016-03-25T00:00:00
2227734911,28.473276,14.333333,2016-03-25T01:00:00
306586341,62.179973,60.556593,2016-03-25T01:00:00
308466202,19.860914,83.0,2016-03-25T01:00:00
308806969,25.832535,19.0,2016-03-25T01:00:00
308874220,88.82676,50.07,2016-03-25T01:00:00
12121597668,234.932022,120.0,2016-03-25T01:00:00
10023999011,43.17273,45.87,2016-03-25T01:00:00
1331929304,37.727471,37.830002,2016-03-25T01:00:00
10282796509,78.549096,32.0,2016-03-25T01:00:00
11757289130,34.300743,33.425,2016-03-25T01:00:00
7404868042,44.855489,47.595238,2016-03-25T01:00:00
3130783230,16.14718,22.91,2016-03-25T01:00:00
11387112308,59.830955,56.0,2016-03-25T01:00:00
6536473096,44.953634,24.04,2016-03-25T01:00:00
11864823655,28.505289,11.0,2016-03-25T01:00:00
9192304001,217.485866,120.0,2016-03-25T01:00:00
9510028770,32.802739,115.0,2016-03-25T01:00:00
9780502915,31.131941,32.29,2016-03-25T01:00:00
10113391770,32.802739,120.0,2016-03-25T01:00:00
10044505589,32.802739,120.0,2016-03-25T01:00:00
10079370129,19.860924,120.0,2016-03-25T01:00:00
12543439896,54.954094,48.053335,2016-03-25T01:00:00
2227734911,28.473276,14.333333,2016-03-25T02:00:00
306586341,62.179973,60.556593,2016-03-25T02:00:00
308466202,19.860914,83.0,2016-03-25T02:00:00
308806969,25.832535,19.0,2016-03-25T02:00:00
308874220,88.567084,50.07,2016-03-25T02:00:00
12121597668,176.741095,120.0,2016-03-25T02:00:00
10023999011,43.720231,45.87,2016-03-25T02:00:00
1331929304,37.727471,37.830002,2016-03-25T02:00:00
10282796509,78.549096,32.0,2016-03-25T02:00:00
11757289130,34.300743,33.425,2016-03-25T02:00:00
7404868042,44.855489,47.595238,2016-03-25T02:00:00
3130783230,16.14718,22.91,2016-03-25T02:00:00
11387112308,59.830955,56.0,2016-03-25T02:00:00
6536473096,44.981658,24.04,2016-03-25T02:00:00
11864823655,28.505289,11.0,2016-03-25T02:00:00
9192304001,216.076347,120.0,2016-03-25T02:00:00
9510028770,32.802739,115.0,2016-03-25T02:00:00
9780502915,31.131941,32.29,2016-03-25T02:00:00
10113391770,32.802739,120.0,2016-03-25T02:00:00
10044505589,32.802739,120.0,2016-03-25T02:00:00
10079370129,19.860924,120.0,2016-03-25T02:00:00
12543439896,54.954094,48.053335,2016-03-25T02:00:00
2227734911,28.473276,14.333333,2016-03-25T03:00:00
306586341,62.179973,60.556593,2016-03-25T03:00:00
308466202,19.860914,83.0,2016-03-25T03:00:00
308806969,25.832535,19.0,2016-03-25T03:00:00
308874220,88.335145,50.07,2016-03-25T03:00:00
12121597668,242.047747,120.0,2016-03-25T03:00:00
10023999011,44.256754,45.87,2016-03-25T03:00:00
1331929304,37.727471,37.830002,2016-03-25T03:00:00
10282796509,78.549096,32.0,2016-03-25T03:00:00
11757289130,34.300743,33.425,2016-03-25T03:00:00
7404868042,44.855489,47.595238,2016-03-25T03:00:00
3130783230,16.14718,22.91,2016-03-25T03:00:00
11387112308,59.830955,56.0,2016-03-25T03:00:00
6536473096,45.010111,24.04,2016-03-25T03:00:00
11864823655,28.505289,11.0,2016-03-25T03:00:00
9192304001,215.685646,120.0,2016-03-25T03:00:00
9510028770,32.802739,115.0,2016-03-25T03:00:00
9780502915,31.131941,32.29,2016-03-25T03:00:00
10113391770,32.802739,120.0,2016-03-25T03:00:00
10044505589,32.802739,120.0,2016-03-25T03:00:00
10079370129,19.860924,120.0,2016-03-25T03:00:00
12543439896,54.954094,48.053335,2016-03-25T03:00:00
2227734911,28.473276,14.333333,2016-03-25T04:00:00
306586341,62.179973,60.556593,2016-03-25T04:00:00
308466202,19.860914,83.0,2016-03-25T04:00:00
308806969,25.832535,19.0,2016-03-25T04:00:00
308874220,88.132109,50.07,2016-03-25T04:00:00
12121597668,177.741824,120.0,2016-03-25T04:00:00
10023999011,44.781842,45.87,2016-03-25T04:00:00
1331929304,37.727471,37.830002,2016-03-25T04:00:00
10282796509,78.549096,32.0,2016-03-25T04:00:00
11757289130,34.300743,33.425,2016-03-25T04:00:00
7404868042,44.855489,47.595238,2016-03-25T04:00:00
3130783230,16.14718,22.91,2016-03-25T04:00:00
11387112308,59.830955,56.0,2016-03-25T04:00:00
6536473096,45.038851,24.04,2016-03-25T04:00:00
11864823655,28.505289,11.0,2016-03-25T04:00:00
9192304001,199.420913,120.0,2016-03-25T04:00:00
9510028770,32.802739,115.0,2016-03-25T04:00:00
9780502915,31.131941,32.29,2016-03-25T04:00:00
10113391770,32.802739,120.0,2016-03-25T04:00:00
10044505589,32.802739,120.0,2016-03-25T04:00:00
10079370129,19.860924,120.0,2016-03-25T04:00:00
12543439896,54.954094,48.053335,2016-03-25T04:00:00
2227734911,28.473276,14.333333,2016-03-25T05:00:00
306586341,62.179973,60.556593,2016-03-25T05:00:00
308466202,19.860914,83.0,2016-03-25T05:00:00
308806969,25.832535,19.0,2016-03-25T05:00:00
308874220,87.9582,50.07,2016-03-25T05:00:00
12121597668,175.36424,120.0,2016-03-25T05:00:00
10023999011,45.293847,45.87,2016-03-25T05:00:00
1331929304,37.727471,37.830002,2016-03-25T05:00:00
10282796509,78.549096,32.0,2016-03-25T05:00:00
11757289130,34.300743,33.425,2016-03-25T05:00:00
7404868042,44.855489,47.595238,2016-03-25T05:00:00
3130783230,16.14718,22.91,2016-03-25T05:00:00
11387112308,59.830955,56.0,2016-03-25T05:00:00
6536473096,45.06803,24.04,2016-03-25T05:00:00
11864823655,28.505289,11.0,2016-03-25T05:00:00
9192304001,169.078483,120.0,2016-03-25T05:00:00
9510028770,32.802739,115.0,2016-03-25T05:00:00
9780502915,31.131941,32.29,2016-03-25T05:00:00
10113391770,32.802739,120.0,2016-03-25T05:00:00
10044505589,32.802739,120.0,2016-03-25T05:00:00
10079370129,19.860924,120.0,2016-03-25T05:00:00
12543439896,54.954094,48.053335,2016-03-25T05:00:00
2227734911,28.473276,14.333333,2016-03-25T06:00:00
306586341,62.179973,60.556593,2016-03-25T06:00:00
308466202,19.860914,83.0,2016-03-25T06:00:00
308806969,25.832535,19.0,2016-03-25T06:00:00
308874220,87.813686,50.07,2016-03-25T06:00:00
12121597668,76.314197,120.0,2016-03-25T06:00:00
10023999011,45.792739,45.87,2016-03-25T06:00:00
1331929304,37.727471,37.830002,2016-03-25T06:00:00
10282796509,78.549096,32.0,2016-03-25T06:00:00
11757289130,34.300743,33.425,2016-03-25T06:00:00
7404868042,44.855489,47.595238,2016-03-25T06:00:00
3130783230,16.14718,22.91,2016-03-25T06:00:00
11387112308,59.830955,56.0,2016-03-25T06:00:00
6536473096,45.097505,24.04,2016-03-25T06:00:00
11864823655,28.505289,11.0,2016-03-25T06:00:00
9192304001,162.852464,120.0,2016-03-25T06:00:00
9510028770,32.802739,115.0,2016-03-25T06:00:00
9780502915,31.131941,32.29,2016-03-25T06:00:00
10113391770,32.802739,120.0,2016-03-25T06:00:00
10044505589,32.802739,120.0,2016-03-25T06:00:00
10079370129,19.860924,120.0,2016-03-25T06:00:00
12543439896,54.954094,48.053335,2016-03-25T06:00:00
2227734911,28.473276,14.333333,2016-03-25T07:00:00
306586341,62.179973,60.556593,2016-03-25T07:00:00
308466202,19.860914,83.0,2016-03-25T07:00:00
308806969,25.832535,19.0,2016-03-25T07:00:00
308874220,87.698769,50.07,2016-03-25T07:00:00
12121597668,63.720373,120.0,2016-03-25T07:00:00
10023999011,46.27762,45.87,2016-03-25T07:00:00
1331929304,37.727471,37.830002,2016-03-25T07:00:00
10282796509,78.549096,32.0,2016-03-25T07:00:00
11757289130,34.300743,33.425,2016-03-25T07:00:00
7404868042,44.855489,47.595238,2016-03-25T07:00:00
3130783230,16.14718,22.91,2016-03-25T07:00:00
11387112308,59.830955,56.0,2016-03-25T07:00:00
6536473096,45.127328,24.04,2016-03-25T07:00:00
11864823655,28.505289,11.0,2016-03-25T07:00:00
9192304001,160.963879,120.0,2016-03-25T07:00:00
9510028770,32.802739,115.0,2016-03-25T07:00:00
9780502915,31.131941,32.29,2016-03-25T07:00:00
10113391770,32.802739,120.0,2016-03-25T07:00:00
10044505589,32.802739,120.0,2016-03-25T07:00:00
10079370129,19.860924,120.0,2016-03-25T07:00:00
12543439896,54.954094,48.053335,2016-03-25T07:00:00
2227734911,28.473276,14.333333,2016-03-25T08:00:00
306586341,62.179973,60.556593,2016-03-25T08:00:00
308466202,19.860914,83.0,2016-03-25T08:00:00
308806969,25.832535,19.0,2016-03-25T08:00:00
308874220,87.613593,50.07,2016-03-25T08:00:00
12121597668,195.394696,120.0,2016-03-25T08:00:00
10023999011,46.748294,45.87,2016-03-25T08:00:00
1331929304,37.727471,37.830002,2016-03-25T08:00:00
10282796509,78.549096,32.0,2016-03-25T08:00:00
11757289130,34.300743,33.425,2016-03-25T08:00:00
7404868042,44.855489,47.595238,2016-03-25T08:00:00
3130783230,16.14718,22.91,2016-03-25T08:00:00
11387112308,59.830955,56.0,2016-03-25T08:00:00
6536473096,45.157427,24.04,2016-03-25T08:00:00
11864823655,28.505289,11.0,2016-03-25T08:00:00
9192304001,156.378552,120.0,2016-03-25T08:00:00
9510028770,32.802739,115.0,2016-03-25T08:00:00
9780502915,31.131941,32.29,2016-03-25T08:00:00
10113391770,32.802739,120.0,2016-03-25T08:00:00
10044505589,32.802739,120.0,2016-03-25T08:00:00
10079370129,19.860924,120.0,2016-03-25T08:00:00
12543439896,54.954094,48.053335,2016-03-25T08:00:00
2227734911,28.473276,14.333333,2016-03-25T09:00:00
306586341,62.179973,60.556593,2016-03-25T09:00:00
308466202,19.860914,83.0,2016-03-25T09:00:00
308806969,25.832535,19.0,2016-03-25T09:00:00
308874220,87.558567,50.07,2016-03-25T09:00:00
12121597668,199.667773,120.0,2016-03-25T09:00:00
10023999011,47.203986,45.87,2016-03-25T09:00:00
1331929304,37.727471,37.830002,2016-03-25T09:00:00
10282796509,78.549096,32.0,2016-03-25T09:00:00
11757289130,34.300743,33.425,2016-03-25T09:00:00
7404868042,44.855489,47.595238,2016-03-25T09:00:00
3130783230,16.14718,22.91,2016-03-25T09:00:00
11387112308,59.830955,56.0,2016-03-25T09:00:00
6536473096,45.187903,24.04,2016-03-25T09:00:00
11864823655,28.505289,11.0,2016-03-25T09:00:00
9192304001,151.499535,120.0,2016-03-25T09:00:00
9510028770,32.802739,115.0,2016-03-25T09:00:00
9780502915,31.131941,32.29,2016-03-25T09:00:00
10113391770,32.802739,120.0,2016-03-25T09:00:00
10044505589,32.802739,120.0,2016-03-25T09:00:00
10079370129,19.860924,120.0,2016-03-25T09:00:00
12543439896,54.954094,48.053335,2016-03-25T09:00:00
2227734911,28.473276,14.333333,2016-03-25T10:00:00
306586341,62.179973,60.556593,2016-03-25T10:00:00
308466202,19.860914,83.0,2016-03-25T10:00:00
308806969,25.832535,19.0,2016-03-25T10:00:00
308874220,87.53413,50.07,2016-03-25T10:00:00
12121597668,198.938393,120.0,2016-03-25T10:00:00
10023999011,47.644306,45.87,2016-03-25T10:00:00
1331929304,37.727471,37.830002,2016-03-25T10:00:00
10282796509,78.549096,32.0,2016-03-25T10:00:00
11757289130,34.300743,33.425,2016-03-25T10:00:00
7404868042,44.855489,47.595238,2016-03-25T10:00:00
3130783230,16.14718,22.91,2016-03-25T10:00:00
11387112308,59.830955,56.0,2016-03-25T10:00:00
6536473096,45.218636,24.04,2016-03-25T10:00:00
11864823655,28.505289,11.0,2016-03-25T10:00:00
9192304001,147.148497,120.0,2016-03-25T10:00:00
9510028770,32.802739,115.0,2016-03-25T10:00:00
9780502915,31.131941,32.29,2016-03-25T10:00:00
10113391770,32.802739,120.0,2016-03-25T10:00:00
10044505589,32.802739,120.0,2016-03-25T10:00:00
10079370129,19.860924,120.0,2016-03-25T10:00:00
12543439896,54.954094,48.053335,2016-03-25T10:00:00
2227734911,28.473276,14.333333,2016-03-25T11:00:00
306586341,62.179973,60.556593,2016-03-25T11:00:00
308466202,19.860914,83.0,2016-03-25T11:00:00
308806969,25.832535,19.0,2016-03-25T11:00:00
308874220,87.539118,50.07,2016-03-25T11:00:00
12121597668,147.766885,120.0,2016-03-25T11:00:00
10023999011,48.069276,45.87,2016-03-25T11:00:00
1331929304,37.727471,37.830002,2016-03-25T11:00:00
10282796509,78.549096,32.0,2016-03-25T11:00:00
11757289130,34.300743,33.425,2016-03-25T11:00:00
7404868042,44.855489,47.595238,2016-03-25T11:00:00
3130783230,16.14718,22.91,2016-03-25T11:00:00
11387112308,59.830955,56.0,2016-03-25T11:00:00
6536473096,45.249675,24.04,2016-03-25T11:00:00
11864823655,28.505289,11.0,2016-03-25T11:00:00
9192304001,156.121246,120.0,2016-03-25T11:00:00
9510028770,32.802739,115.0,2016-03-25T11:00:00
9780502915,31.131941,32.29,2016-03-25T11:00:00
10113391770,32.802739,120.0,2016-03-25T11:00:00
10044505589,32.802739,120.0,2016-03-25T11:00:00
10079370129,19.860924,120.0,2016-03-25T11:00:00
12543439896,54.954094,48.053335,2016-03-25T11:00:00
2227734911,28.473276,14.333333,2016-03-25T12:00:00
306586341,62.179973,60.556593,2016-03-25T12:00:00
308466202,19.860914,83.0,2016-03-25T12:00:00
308806969,25.832535,19.0,2016-03-25T12:00:00
308874220,87.573407,50.07,2016-03-25T12:00:00
12121597668,55.247518,120.0,2016-03-25T12:00:00
10023999011,48.478271,45.87,2016-03-25T12:00:00
1331929304,37.727471,37.830002,2016-03-25T12:00:00
10282796509,78.549096,32.0,2016-03-25T12:00:00
11757289130,34.300743,33.425,2016-03-25T12:00:00
7404868042,44.855489,47.595238,2016-03-25T12:00:00
3130783230,16.14718,22.91,2016-03-25T12:00:00
11387112308,59.830955,56.0,2016-03-25T12:00:00
6536473096,45.280949,24.04,2016-03-25T12:00:00
11864823655,28.505289,11.0,2016-03-25T12:00:00
9192304001,197.162967,120.0,2016-03-25T12:00:00
9510028770,32.802739,115.0,2016-03-25T12:00:00
9780502915,31.131941,32.29,2016-03-25T12:00:00
10113391770,32.802739,120.0,2016-03-25T12:00:00
10044505589,32.802739,120.0,2016-03-25T12:00:00
10079370129,19.860924,120.0,2016-03-25T12:00:00
